path,line,context,classification,reason,matched_text
daily_sql_scripts.sql,62,,Not impacted,"User manual SQL scratch notes; neither executed nor changed. Loan component retained, no rename/add run.",select * from payroll_employee_detail;
daily_sql_scripts.sql,63,,Not impacted,"User manual SQL scratch notes; neither executed nor changed. Loan component retained, no rename/add run.",alter table payroll_employee_detail
daily_sql_scripts.sql,64,,Not impacted,"User manual SQL scratch notes; neither executed nor changed. Loan component retained, no rename/add run.","add column penalty_deduction numeric(18,2);"
daily_sql_scripts.sql,100,,Not impacted,"User manual SQL scratch notes; neither executed nor changed. Loan component retained, no rename/add run.",delete from payroll_employee_detail;
daily_sql_scripts.sql,144,,Not impacted,"User manual SQL scratch notes; neither executed nor changed. Loan component retained, no rename/add run.",select * from payroll_employee_detail;
daily_sql_scripts.sql,146,,Not impacted,"User manual SQL scratch notes; neither executed nor changed. Loan component retained, no rename/add run.",alter table payroll_employee_detail
daily_sql_scripts.sql,147,,Not impacted,"User manual SQL scratch notes; neither executed nor changed. Loan component retained, no rename/add run.",rename column loan_deduction penalty_deduction;
app_backend/services/service_02_hr_payroll/README.md,227,,Updated,Current Payroll compatibility/formula/implementation documentation.,"Payroll, and confirms `fine_deduction = 0`, `total_deduction = 0`, and unchanged"
app_backend/services/service_02_hr_payroll/README.md,263,,Updated,Current Payroll compatibility/formula/implementation documentation.,The existing `payroll_employee_detail.penalty_deduction` is supported by the
app_backend/services/service_02_hr_payroll/OFF_CYCLE_PAYROLL_SEMANTICS.md,6,,Updated,Current Payroll compatibility/formula/implementation documentation.,**2026-10-01 compatibility update:** the independent `penalty_deduction` Payroll component now contributes once to deductions after the incremental database migration. It is not an Adjustment mapping and has no Penalties-module integration. See [implementation and deployment notes](PAYROLL_PENALTY_DEDUCTION_IMPLEMENTATION.md). Task 164 itself remains unchanged.
app_backend/services/service_02_hr_payroll/OFF_CYCLE_PAYROLL_SEMANTICS.md,23,,Updated,Current Payroll compatibility/formula/implementation documentation.,"| PostgreSQL generated columns | Calculate detail `gross_salary`, `total_deduction`, `net_salary` |"
app_backend/services/service_02_hr_payroll/OFF_CYCLE_PAYROLL_SEMANTICS.md,30,,Updated,Current Payroll compatibility/formula/implementation documentation.,"Let `G = gross_salary`, `D = total_deduction`, `C = correction_net_amount`, `R = correction_recovery_amount`, and `P = net_salary` on a stored `payroll_employee_detail` row."
app_backend/services/service_02_hr_payroll/OFF_CYCLE_PAYROLL_SEMANTICS.md,39,,Updated,Current Payroll compatibility/formula/implementation documentation.,+ charging_cost_deduction + other_deduction_amount
app_backend/services/service_02_hr_payroll/OFF_CYCLE_PAYROLL_SEMANTICS.md,40,,Updated,Current Payroll compatibility/formula/implementation documentation.,"+ COALESCE(penalty_deduction, 0)"
app_backend/services/service_02_hr_payroll/OFF_CYCLE_PAYROLL_SEMANTICS.md,43,,Updated,Current Payroll compatibility/formula/implementation documentation.,"`penalty_deduction` is a separate stored component; new processing defaults it to zero, and reads preserve stored nulls/values. Direct penalty edits on existing CORRECTION runs are rejected with HTTP 400 because the current update mechanism does not recalculate their ledger/adjustment amounts. This compatibility restriction does not repair or extend that architecture."
app_backend/services/service_02_hr_payroll/OFF_CYCLE_PAYROLL_SEMANTICS.md,49,,Updated,Current Payroll compatibility/formula/implementation documentation.,The shared generated `net_salary` column is:
app_backend/services/service_02_hr_payroll/OFF_CYCLE_PAYROLL_SEMANTICS.md,63,,Updated,Current Payroll compatibility/formula/implementation documentation.,| total_deductions | payroll_run.total_deductions | All types: SUM(detail.total_deduction) | Positive deduction magnitude; already includes consumed deduction adjustments. |
app_backend/services/service_02_hr_payroll/OFF_CYCLE_PAYROLL_SEMANTICS.md,64,,Updated,Current Payroll compatibility/formula/implementation documentation.,"| total_net_salary (stored) | payroll_run.total_net_salary | All types: SUM(detail.net_salary) | Nonnegative payable amount, including adjustments once. |"
app_backend/services/service_02_hr_payroll/OFF_CYCLE_PAYROLL_SEMANTICS.md,65,,Updated,Current Payroll compatibility/formula/implementation documentation.,| total_net_salary (off-cycle API) | Decorated run response | CORRECTION: total_correction_net_amount; otherwise stored total_net_salary | CORRECTION changes this response field to signed delta. It does not update the database column. |
app_backend/services/service_02_hr_payroll/OFF_CYCLE_PAYROLL_SEMANTICS.md,66,,Updated,Current Payroll compatibility/formula/implementation documentation.,| total_payable_amount | API only; based on payroll_run.total_net_salary | All off-cycle: SUM(stored detail.net_salary) | Nonnegative cash payable for this batch; preserved before correction response decoration. |
app_backend/services/service_02_hr_payroll/OFF_CYCLE_PAYROLL_SEMANTICS.md,71,,Updated,Current Payroll compatibility/formula/implementation documentation.,"| display_total_net_salary | API only | CORRECTION: SUM(C); ONE_TIME/FINAL_SETTLEMENT: SUM(P) | Display value, not a separate calculation or stored column. |"
app_backend/services/service_02_hr_payroll/OFF_CYCLE_PAYROLL_SEMANTICS.md,82,,Updated,Current Payroll compatibility/formula/implementation documentation.,"| ONE_TIME | Amount payable for this one-time batch | total_payable_amount | SUM(G-D) | SUM(detail.payable_amount), alias of stored detail.net_salary | Nonnegative | One-time amount payable |"
app_backend/services/service_02_hr_payroll/OFF_CYCLE_PAYROLL_SEMANTICS.md,91,,Updated,Current Payroll compatibility/formula/implementation documentation.,"`total_net_salary`/`total_payable_amount` represent the entire ONE_TIME batch across included employee rows. They are not the monthly salary plus this batch. Recurring salary is excluded. Non-correction processing rejects an employee whose deductions exceed earnings, so the successful path normally has zero recoverable amount."
app_backend/services/service_02_hr_payroll/OFF_CYCLE_PAYROLL_SEMANTICS.md,97,,Updated,Current Payroll compatibility/formula/implementation documentation.,"The original MONTHLY payroll is used as a recovery basis. The processor does not overwrite the original salary or independently recompute a replacement monthly payroll. Source selection requires the same organization/employee, a different MONTHLY run in PROCESSED/APPROVED/PAID status and an eligible detail. A missing/ambiguous source or insufficient remaining balance fails processing. Source balance is `MAX(source detail.net_salary - SUM(prior APPLIED recovered_amount), 0)`."
app_backend/services/service_02_hr_payroll/OFF_CYCLE_PAYROLL_SEMANTICS.md,99,,Updated,Current Payroll compatibility/formula/implementation documentation.,"A batch may pay one employee while recovering from another. Keep the three figures visible. Example executed in isolated PostgreSQL: +200 and -350 produce payable 200, recoverable 350, net correction -150. Stored `payroll_run.total_net_salary` is 200; the decorated API's `total_net_salary` and `display_total_net_salary` are -150. Detail `net_salary` stays payable; `display_net_salary` provides signed correction display."
docs/TASK_164_IMPLEMENTATION_REPORT.md,106,,Not impacted,Historical documentation/reference; not a runtime projection or calculation.,"For CORRECTION, stored `payroll_run.total_net_salary` remains payable (200 in the mixed example), while the off-cycle API decorates `total_net_salary` and `display_total_net_salary` to the signed correction (−150). `total_payable_amount` preserves 200. Detail `net_salary` remains payable, with signed display aliases."
app_backend/services/service_02_hr_payroll/logic/test_payroll_correction_live_api.py,129,cleanup_test_rows,Not impacted,Existing regression or manual live-test reference; nullable column may be omitted; no production formula.,delete from payroll_employee_detail
app_backend/services/service_02_hr_payroll/logic/test_payroll_correction_live_api.py,183,rows,Not impacted,Existing regression or manual live-test reference; nullable column may be omitted; no production formula.,"ped.payroll_employee_detail_id_pk,"
app_backend/services/service_02_hr_payroll/logic/test_payroll_correction_live_api.py,184,rows,Not impacted,Existing regression or manual live-test reference; nullable column may be omitted; no production formula.,"ped.net_salary,"
app_backend/services/service_02_hr_payroll/logic/test_payroll_correction_live_api.py,185,rows,Not impacted,Existing regression or manual live-test reference; nullable column may be omitted; no production formula.,ped.net_salary
app_backend/services/service_02_hr_payroll/logic/test_payroll_correction_live_api.py,189,rows,Not impacted,Existing regression or manual live-test reference; nullable column may be omitted; no production formula.,where pcr.source_payroll_employee_detail_id_fk =
app_backend/services/service_02_hr_payroll/logic/test_payroll_correction_live_api.py,190,rows,Not impacted,Existing regression or manual live-test reference; nullable column may be omitted; no production formula.,ped.payroll_employee_detail_id_pk
app_backend/services/service_02_hr_payroll/logic/test_payroll_correction_live_api.py,194,rows,Not impacted,Existing regression or manual live-test reference; nullable column may be omitted; no production formula.,join payroll_employee_detail ped
app_backend/services/service_02_hr_payroll/logic/test_payroll_correction_live_api.py,205,rows,Not impacted,Existing regression or manual live-test reference; nullable column may be omitted; no production formula.,"order by pr.payroll_run_id_pk, ped.payroll_employee_detail_id_pk"
app_backend/services/service_02_hr_payroll/logic/test_payroll_correction_live_api.py,285,source_detail_id,Not impacted,Existing regression or manual live-test reference; nullable column may be omitted; no production formula.,insert into payroll_employee_detail (
app_backend/services/service_02_hr_payroll/logic/test_payroll_correction_live_api.py,312,source_detail_id,Not impacted,Existing regression or manual live-test reference; nullable column may be omitted; no production formula.,returning payroll_employee_detail_id_pk
app_backend/services/service_02_hr_payroll/logic/test_payroll_correction_live_api.py,333,insert_test_source_monthly,Not impacted,Existing regression or manual live-test reference; nullable column may be omitted; no production formula.,"total_deductions = totals.total_deduction,"
app_backend/services/service_02_hr_payroll/logic/test_payroll_correction_live_api.py,334,insert_test_source_monthly,Not impacted,Existing regression or manual live-test reference; nullable column may be omitted; no production formula.,"total_net_salary = totals.net_salary,"
app_backend/services/service_02_hr_payroll/logic/test_payroll_correction_live_api.py,337,insert_test_source_monthly,Not impacted,Existing regression or manual live-test reference; nullable column may be omitted; no production formula.,"select gross_salary, total_deduction, net_salary"
app_backend/services/service_02_hr_payroll/logic/test_payroll_correction_live_api.py,338,insert_test_source_monthly,Not impacted,Existing regression or manual live-test reference; nullable column may be omitted; no production formula.,from payroll_employee_detail
app_backend/services/service_02_hr_payroll/logic/test_payroll_correction_live_api.py,339,insert_test_source_monthly,Not impacted,Existing regression or manual live-test reference; nullable column may be omitted; no production formula.,where payroll_employee_detail_id_pk = :detail_id
app_backend/services/service_02_hr_payroll/logic/test_payroll_correction_live_api.py,347,insert_test_source_monthly,Not impacted,Existing regression or manual live-test reference; nullable column may be omitted; no production formula.,"""payroll_employee_detail_id_pk"": source_detail_id,"
app_backend/services/service_02_hr_payroll/logic/test_payroll_correction_live_api.py,348,insert_test_source_monthly,Not impacted,Existing regression or manual live-test reference; nullable column may be omitted; no production formula.,"""net_salary"": gross_salary,"
app_backend/services/service_02_hr_payroll/logic/test_payroll_correction_live_api.py,448,assert_correction_response,Not impacted,Existing regression or manual live-test reference; nullable column may be omitted; no production formula.,"assert_equal(money(data[""total_deductions""]), Decimal(""2000.00""), ""Run deductions mismatch"")"
app_backend/services/service_02_hr_payroll/logic/test_payroll_correction_live_api.py,460,assert_correction_response,Not impacted,Existing regression or manual live-test reference; nullable column may be omitted; no production formula.,"money(data[""total_net_salary""]),"
app_backend/services/service_02_hr_payroll/logic/test_payroll_correction_live_api.py,482,assert_correction_response,Not impacted,Existing regression or manual live-test reference; nullable column may be omitted; no production formula.,"assert_equal(money(ravi[""total_deduction""]), Decimal(""0.00""), ""Ravi deduction mismatch"")"
app_backend/services/service_02_hr_payroll/logic/test_payroll_correction_live_api.py,488,assert_correction_response,Not impacted,Existing regression or manual live-test reference; nullable column may be omitted; no production formula.,"assert_equal(money(ravi[""net_salary""]), Decimal(""5000.00""), ""Ravi payable net mismatch"")"
app_backend/services/service_02_hr_payroll/logic/test_payroll_correction_live_api.py,493,assert_correction_response,Not impacted,Existing regression or manual live-test reference; nullable column may be omitted; no production formula.,"assert_equal(money(lokesh[""total_deduction""]), Decimal(""2000.00""), ""Lokesh deduction mismatch"")"
app_backend/services/service_02_hr_payroll/logic/test_payroll_correction_live_api.py,499,assert_correction_response,Not impacted,Existing regression or manual live-test reference; nullable column may be omitted; no production formula.,"assert_equal(money(lokesh[""net_salary""]), Decimal(""0.00""), ""Lokesh payable net mismatch"")"
app_backend/services/service_02_hr_payroll/logic/test_payroll_correction_live_api.py,507,assert_correction_response,Not impacted,Existing regression or manual live-test reference; nullable column may be omitted; no production formula.,"money(lokesh[""display_net_salary""]),"
app_backend/services/service_02_hr_payroll/logic/test_payroll_correction_live_api.py,525,assert_persisted_correction,Not impacted,Existing regression or manual live-test reference; nullable column may be omitted; no production formula.,"assert_equal(money(run_row[""total_deductions""]), Decimal(""2000.00""), ""Persisted deductions mismatch"")"
app_backend/services/service_02_hr_payroll/logic/test_payroll_correction_live_api.py,532,assert_persisted_correction,Not impacted,Existing regression or manual live-test reference; nullable column may be omitted; no production formula.,"money(run_row[""total_net_salary""]),"
app_backend/services/service_02_hr_payroll/logic/test_payroll_correction_live_api.py,545,details,Not impacted,Existing regression or manual live-test reference; nullable column may be omitted; no production formula.,from payroll_employee_detail
app_backend/services/service_02_hr_payroll/logic/test_payroll_correction_live_api.py,558,assert_persisted_correction,Not impacted,Existing regression or manual live-test reference; nullable column may be omitted; no production formula.,"assert_equal(money(ravi[""net_salary""]), Decimal(""5000.00""), ""Persisted Ravi payable mismatch"")"
app_backend/services/service_02_hr_payroll/logic/test_payroll_correction_live_api.py,559,assert_persisted_correction,Not impacted,Existing regression or manual live-test reference; nullable column may be omitted; no production formula.,"assert_equal(money(lokesh[""other_deduction_amount""]), Decimal(""2000.00""), ""Persisted Lokesh deduction mismatch"")"
app_backend/services/service_02_hr_payroll/logic/test_payroll_correction_live_api.py,562,assert_persisted_correction,Not impacted,Existing regression or manual live-test reference; nullable column may be omitted; no production formula.,"assert_equal(money(lokesh[""net_salary""]), Decimal(""0.00""), ""Persisted Lokesh payable mismatch"")"
app_backend/services/service_02_hr_payroll/logic/test_payroll_correction_live_api.py,601,assert_detail_api,Not impacted,Existing regression or manual live-test reference; nullable column may be omitted; no production formula.,"money(lokesh[""display_net_salary""]),"
app_backend/services/service_02_hr_payroll/logic/test_payroll_correction_live_api.py,616,assert_detail_api,Not impacted,Existing regression or manual live-test reference; nullable column may be omitted; no production formula.,"money(run_response[""data""][""total_net_salary""]),"
docs/REPLIT_TASK_164_BACKEND_HANDOFF.md,145,,Not impacted,Historical documentation/reference; not a runtime projection or calculation.,"See [the full field dictionary and formulas](../app_backend/services/service_02_hr_payroll/OFF_CYCLE_PAYROLL_SEMANTICS.md). In particular, CORRECTION's API `total_net_salary` is decorated to signed correction; its stored database column remains payable. Do not add `adjustment_amount` again."
app_backend/services/service_02_hr_payroll/logic/test_fine_management_postgres.py,124,setUp,Not impacted,Existing regression or manual live-test reference; nullable column may be omitted; no production formula.,"TRUNCATE fine_master, payroll_correction_recovery, payroll_employee_detail,"
app_backend/services/service_02_hr_payroll/logic/test_fine_management_postgres.py,398,test_monthly_payroll_does_not_consume_fine_data,Not impacted,Existing regression or manual live-test reference; nullable column may be omitted; no production formula.,"self.assertEqual(self.scalar(""select fine_deduction from payroll_employee_detail""), Decimal(""0""))"
app_backend/services/service_02_hr_payroll/logic/test_fine_management_postgres.py,399,test_monthly_payroll_does_not_consume_fine_data,Not impacted,Existing regression or manual live-test reference; nullable column may be omitted; no production formula.,"self.assertEqual(self.scalar(""select total_deduction from payroll_employee_detail""), Decimal(""0""))"
app_backend/services/service_02_hr_payroll/logic/test_fine_management_postgres.py,400,test_monthly_payroll_does_not_consume_fine_data,Not impacted,Existing regression or manual live-test reference; nullable column may be omitted; no production formula.,"self.assertEqual(self.scalar(""select net_salary from payroll_employee_detail""), Decimal(""3000""))"
app_backend/services/service_02_hr_payroll/logic/test_fine_management_postgres.py,408,test_monthly_payroll_does_not_consume_fine_data,Not impacted,Existing regression or manual live-test reference; nullable column may be omitted; no production formula.,"self.assertEqual(self.scalar(""select net_salary from payroll_employee_detail""), Decimal(""3000""))"
app_backend/services/service_02_hr_payroll/logic/test_payroll_module_live_db.py,61,cleanup_test_data,Not impacted,Existing regression or manual live-test reference; nullable column may be omitted; no production formula.,"text(""delete from payroll_employee_detail where payroll_run_id_fk = any(:run_ids)""),"
app_backend/services/service_02_hr_payroll/logic/test_payroll_module_live_db.py,179,latest_test_payroll_detail,Not impacted,Existing regression or manual live-test reference; nullable column may be omitted; no production formula.,from payroll_employee_detail ped
app_backend/services/service_02_hr_payroll/logic/test_payroll_module_live_db.py,183,latest_test_payroll_detail,Not impacted,Existing regression or manual live-test reference; nullable column may be omitted; no production formula.,order by ped.payroll_employee_detail_id_pk desc
app_backend/services/service_02_hr_payroll/logic/test_payroll_module_live_db.py,343,detail_rows,Not impacted,Existing regression or manual live-test reference; nullable column may be omitted; no production formula.,from payroll_employee_detail
app_backend/services/service_02_hr_payroll/logic/test_payroll_module_live_db.py,365,run_live_tests,Not impacted,Existing regression or manual live-test reference; nullable column may be omitted; no production formula.,"assert_true(adjusted_detail[""total_deduction""] == 70, ""Total deduction mismatch"")"
app_backend/services/service_02_hr_payroll/logic/test_payroll_module_live_db.py,366,run_live_tests,Not impacted,Existing regression or manual live-test reference; nullable column may be omitted; no production formula.,"assert_true(adjusted_detail[""net_salary""] == expected_gross_salary - 70, ""Net salary mismatch"")"
app_backend/services/service_02_hr_payroll/logic/test_payroll_module_live_db.py,435,off_cycle_detail,Not impacted,Existing regression or manual live-test reference; nullable column may be omitted; no production formula.,from payroll_employee_detail
app_backend/services/service_02_hr_payroll/logic/test_payroll_module_live_db.py,444,run_live_tests,Not impacted,Existing regression or manual live-test reference; nullable column may be omitted; no production formula.,"assert_true(off_cycle_detail[""net_salary""] == 750, ""Off-cycle net salary mismatch"")"
app_backend/services/service_02_hr_payroll/logic/test_payroll_module_live_db.py,609,summary,Not impacted,Existing regression or manual live-test reference; nullable column may be omitted; no production formula.,"""payroll_employee_detail"": conn.execute("
app_backend/services/service_02_hr_payroll/logic/test_payroll_module_live_db.py,612,summary,Not impacted,Existing regression or manual live-test reference; nullable column may be omitted; no production formula.,from payroll_employee_detail ped
app_backend/services/service_02_hr_payroll/api/main.py,234,source_payroll_employee_detail_id,Not impacted,Existing source identity parameter or unrelated monetary input; no component projection.,source_payroll_employee_detail_id: Optional[int] = None
app_backend/services/service_02_hr_payroll/api/main.py,235,source_payroll_employee_detail_id_fk,Not impacted,Existing source identity parameter or unrelated monetary input; no component projection.,source_payroll_employee_detail_id_fk: Optional[int] = None
app_backend/services/service_02_hr_payroll/api/main.py,238,source_payroll_employee_detail_ids_by_employee,Not impacted,Existing source identity parameter or unrelated monetary input; no component projection.,"source_payroll_employee_detail_ids_by_employee: Optional[dict[str, int]] = None"
app_backend/services/service_02_hr_payroll/api/main.py,264,other_deduction_amount,Not impacted,Existing source identity parameter or unrelated monetary input; no component projection.,other_deduction_amount: Optional[float] = None
app_backend/services/service_02_hr_payroll/api/main.py,265,penalty_deduction,Updated,Optional Decimal input or existing open detail response documentation.,penalty_deduction: Optional[Decimal] = Field(
app_backend/services/service_02_hr_payroll/api/main.py,279,PAYROLL_DETAIL_RESPONSE_SCHEMA,Updated,Optional Decimal input or existing open detail response documentation.,"""penalty_deduction"": {"
app_backend/services/service_02_hr_payroll/api/main.py,287,PAYROLL_DETAIL_RESPONSES,Updated,Optional Decimal input or existing open detail response documentation.,"""description"": ""Complete employee Payroll detail, including penalty_deduction."","
app_backend/services/service_02_hr_payroll/api/main.py,296,PAYROLL_DETAILS_RESPONSES,Updated,Optional Decimal input or existing open detail response documentation.,"""description"": ""Complete employee Payroll details, including penalty_deduction on each row."","
app_backend/services/service_02_hr_payroll/logic/test_payroll_named_employees_live_db.py,95,cleanup_test_rows,Not impacted,Existing regression or manual live-test reference; nullable column may be omitted; no production formula.,"text(""delete from payroll_employee_detail where payroll_run_id_fk = any(:run_ids)""),"
app_backend/services/service_02_hr_payroll/logic/test_payroll_named_employees_live_db.py,259,detail_rows,Not impacted,Existing regression or manual live-test reference; nullable column may be omitted; no production formula.,from payroll_employee_detail
app_backend/services/service_02_hr_payroll/logic/test_payroll_named_employees_live_db.py,286,run_named_employee_live_tests,Not impacted,Existing regression or manual live-test reference; nullable column may be omitted; no production formula.,"assert_true(ravi_detail[""net_salary""] == 9600, ""Ravi net salary mismatch"")"
app_backend/services/service_02_hr_payroll/logic/test_payroll_named_employees_live_db.py,287,run_named_employee_live_tests,Not impacted,Existing regression or manual live-test reference; nullable column may be omitted; no production formula.,"assert_true(lokesh_detail[""net_salary""] == 9500, ""Lokesh net salary mismatch"")"
app_backend/services/service_02_hr_payroll/logic/test_payroll_named_employees_live_db.py,291,run_totals,Not impacted,Existing regression or manual live-test reference; nullable column may be omitted; no production formula.,"select total_employee_count, total_gross_salary, total_deductions, total_net_salary"
app_backend/services/service_02_hr_payroll/logic/test_payroll_named_employees_live_db.py,298,run_named_employee_live_tests,Not impacted,Existing regression or manual live-test reference; nullable column may be omitted; no production formula.,"assert_true(run_totals[""total_net_salary""] == 38100, ""Run total net salary mismatch"")"
app_backend/services/service_02_hr_payroll/logic/test_payroll_module_comprehensive.py,145,__init__,Not impacted,Existing regression or manual live-test reference; nullable column may be omitted; no production formula.,"source_net_salary=Decimal(""0""),"
app_backend/services/service_02_hr_payroll/logic/test_payroll_module_comprehensive.py,149,self.source_net_salary,Not impacted,Existing regression or manual live-test reference; nullable column may be omitted; no production formula.,self.source_net_salary = source_net_salary
app_backend/services/service_02_hr_payroll/logic/test_payroll_module_comprehensive.py,192,_resolve_correction_source_detail,Not impacted,Existing regression or manual live-test reference; nullable column may be omitted; no production formula.,"""source_payroll_employee_detail_id_fk"": 40,"
app_backend/services/service_02_hr_payroll/logic/test_payroll_module_comprehensive.py,193,_resolve_correction_source_detail,Not impacted,Existing regression or manual live-test reference; nullable column may be omitted; no production formula.,"""source_net_salary"": self.source_net_salary,"
app_backend/services/service_02_hr_payroll/logic/test_payroll_module_comprehensive.py,198,_get_source_recovered_amount,Not impacted,Existing regression or manual live-test reference; nullable column may be omitted; no production formula.,"def _get_source_recovered_amount(self, conn, source_payroll_employee_detail_id):"
app_backend/services/service_02_hr_payroll/logic/test_payroll_module_comprehensive.py,202,_create_payroll_employee_detail,Not impacted,Existing regression or manual live-test reference; nullable column may be omitted; no production formula.,"def _create_payroll_employee_detail(self, conn, detail_payload):"
app_backend/services/service_02_hr_payroll/logic/test_payroll_module_comprehensive.py,205,total_deduction,Not impacted,Existing regression or manual live-test reference; nullable column may be omitted; no production formula.,total_deduction = self._calculate_detail_total_deduction(detail_payload)
app_backend/services/service_02_hr_payroll/logic/test_payroll_module_comprehensive.py,210,net_salary,Not impacted,Existing regression or manual live-test reference; nullable column may be omitted; no production formula.,net_salary = self._calculate_detail_net_salary(detail_payload)
app_backend/services/service_02_hr_payroll/logic/test_payroll_module_comprehensive.py,211,_create_payroll_employee_detail,Not impacted,Existing regression or manual live-test reference; nullable column may be omitted; no production formula.,if net_salary < 0:
app_backend/services/service_02_hr_payroll/logic/test_payroll_module_comprehensive.py,214,_create_payroll_employee_detail,Not impacted,Existing regression or manual live-test reference; nullable column may be omitted; no production formula.,"""payroll_employee_detail_id_pk"": 99,"
app_backend/services/service_02_hr_payroll/logic/test_payroll_module_comprehensive.py,216,_create_payroll_employee_detail,Not impacted,Existing regression or manual live-test reference; nullable column may be omitted; no production formula.,"""total_deduction"": total_deduction,"
app_backend/services/service_02_hr_payroll/logic/test_payroll_module_comprehensive.py,219,_create_payroll_employee_detail,Not impacted,Existing regression or manual live-test reference; nullable column may be omitted; no production formula.,"""net_salary"": net_salary,"
app_backend/services/service_02_hr_payroll/logic/test_payroll_module_comprehensive.py,267,execute,Not impacted,Existing regression or manual live-test reference; nullable column may be omitted; no production formula.,"""from payroll_employee_detail ped"" in normalized_sql"
app_backend/services/service_02_hr_payroll/logic/test_payroll_module_comprehensive.py,279,source_detail_id,Not impacted,Existing regression or manual live-test reference; nullable column may be omitted; no production formula.,"source_detail_id = params.get(""source_payroll_employee_detail_id"")"
app_backend/services/service_02_hr_payroll/logic/test_payroll_module_comprehensive.py,358,_create_payroll_employee_detail,Not impacted,Existing regression or manual live-test reference; nullable column may be omitted; no production formula.,"def _create_payroll_employee_detail(self, conn, detail_payload):"
app_backend/services/service_02_hr_payroll/logic/test_payroll_module_comprehensive.py,361,total_deduction,Not impacted,Existing regression or manual live-test reference; nullable column may be omitted; no production formula.,total_deduction = self._calculate_detail_total_deduction(detail_payload)
app_backend/services/service_02_hr_payroll/logic/test_payroll_module_comprehensive.py,366,net_salary,Not impacted,Existing regression or manual live-test reference; nullable column may be omitted; no production formula.,net_salary = self._calculate_detail_net_salary(detail_payload)
app_backend/services/service_02_hr_payroll/logic/test_payroll_module_comprehensive.py,367,_create_payroll_employee_detail,Not impacted,Existing regression or manual live-test reference; nullable column may be omitted; no production formula.,if net_salary < 0:
app_backend/services/service_02_hr_payroll/logic/test_payroll_module_comprehensive.py,370,_create_payroll_employee_detail,Not impacted,Existing regression or manual live-test reference; nullable column may be omitted; no production formula.,"""payroll_employee_detail_id_pk"": 700 + detail_payload[""payroll_employee_id_fk""],"
app_backend/services/service_02_hr_payroll/logic/test_payroll_module_comprehensive.py,372,_create_payroll_employee_detail,Not impacted,Existing regression or manual live-test reference; nullable column may be omitted; no production formula.,"""total_deduction"": total_deduction,"
app_backend/services/service_02_hr_payroll/logic/test_payroll_module_comprehensive.py,375,_create_payroll_employee_detail,Not impacted,Existing regression or manual live-test reference; nullable column may be omitted; no production formula.,"""net_salary"": net_salary,"
app_backend/services/service_02_hr_payroll/logic/test_payroll_module_comprehensive.py,421,totals,Not impacted,Existing regression or manual live-test reference; nullable column may be omitted; no production formula.,"""total_deductions"": sum("
app_backend/services/service_02_hr_payroll/logic/test_payroll_module_comprehensive.py,422,totals,Not impacted,Existing regression or manual live-test reference; nullable column may be omitted; no production formula.,self._calculate_detail_total_deduction(detail)
app_backend/services/service_02_hr_payroll/logic/test_payroll_module_comprehensive.py,433,totals,Not impacted,Existing regression or manual live-test reference; nullable column may be omitted; no production formula.,"""total_net_salary"": sum("
app_backend/services/service_02_hr_payroll/logic/test_payroll_module_comprehensive.py,434,totals,Not impacted,Existing regression or manual live-test reference; nullable column may be omitted; no production formula.,self._calculate_detail_net_salary(detail)
app_backend/services/service_02_hr_payroll/logic/test_payroll_module_comprehensive.py,488,_source_detail_row,Not impacted,Existing regression or manual live-test reference; nullable column may be omitted; no production formula.,"source_payroll_employee_detail_id=40,"
app_backend/services/service_02_hr_payroll/logic/test_payroll_module_comprehensive.py,489,_source_detail_row,Not impacted,Existing regression or manual live-test reference; nullable column may be omitted; no production formula.,"source_net_salary=""3000.00"","
app_backend/services/service_02_hr_payroll/logic/test_payroll_module_comprehensive.py,497,_source_detail_row,Not impacted,Existing regression or manual live-test reference; nullable column may be omitted; no production formula.,"""source_payroll_employee_detail_id_fk"": source_payroll_employee_detail_id,"
app_backend/services/service_02_hr_payroll/logic/test_payroll_module_comprehensive.py,498,_source_detail_row,Not impacted,Existing regression or manual live-test reference; nullable column may be omitted; no production formula.,"""source_net_salary"": Decimal(source_net_salary),"
app_backend/services/service_02_hr_payroll/logic/test_payroll_module_comprehensive.py,765,test_off_cycle_earning_only_consumes_adjustment_without_fixed_salary,Not impacted,Existing regression or manual live-test reference; nullable column may be omitted; no production formula.,"self.assertEqual(result[""net_salary""], Decimal(""750.00""))"
app_backend/services/service_02_hr_payroll/logic/test_payroll_module_comprehensive.py,803,test_all_correction_earning_types_set_signed_positive_correction_net,Not impacted,Existing regression or manual live-test reference; nullable column may be omitted; no production formula.,"self.assertEqual(result[""total_deduction""], Decimal(""0""))"
app_backend/services/service_02_hr_payroll/logic/test_payroll_module_comprehensive.py,805,test_all_correction_earning_types_set_signed_positive_correction_net,Not impacted,Existing regression or manual live-test reference; nullable column may be omitted; no production formula.,"self.assertEqual(result[""net_salary""], Decimal(""100.00""))"
app_backend/services/service_02_hr_payroll/logic/test_payroll_module_comprehensive.py,812,payroll_run,Not impacted,Existing regression or manual live-test reference; nullable column may be omitted; no production formula.,"source_net_salary=Decimal(""3000.00""),"
app_backend/services/service_02_hr_payroll/logic/test_payroll_module_comprehensive.py,836,test_correction_deduction_only_records_recovery_without_salary_offset,Not impacted,Existing regression or manual live-test reference; nullable column may be omitted; no production formula.,"self.assertEqual(result[""total_deduction""], Decimal(""1000.00""))"
app_backend/services/service_02_hr_payroll/logic/test_payroll_module_comprehensive.py,839,test_correction_deduction_only_records_recovery_without_salary_offset,Not impacted,Existing regression or manual live-test reference; nullable column may be omitted; no production formula.,"self.assertEqual(result[""net_salary""], Decimal(""0.00""))"
app_backend/services/service_02_hr_payroll/logic/test_payroll_module_comprehensive.py,842,test_correction_deduction_only_records_recovery_without_salary_offset,Not impacted,Existing regression or manual live-test reference; nullable column may be omitted; no production formula.,"self.assertEqual(result[""display_net_salary""], Decimal(""-1000.00""))"
app_backend/services/service_02_hr_payroll/logic/test_payroll_module_comprehensive.py,845,test_correction_deduction_only_records_recovery_without_salary_offset,Not impacted,Existing regression or manual live-test reference; nullable column may be omitted; no production formula.,"self.assertEqual(result[""source_payroll_employee_detail_id_fk""], 40)"
app_backend/services/service_02_hr_payroll/logic/test_payroll_module_comprehensive.py,859,payroll_run,Not impacted,Existing regression or manual live-test reference; nullable column may be omitted; no production formula.,"source_net_salary=Decimal(""1000.00""),"
app_backend/services/service_02_hr_payroll/logic/test_payroll_module_comprehensive.py,888,test_all_correction_deduction_types_are_preserved_with_signed_net,Not impacted,Existing regression or manual live-test reference; nullable column may be omitted; no production formula.,"self.assertEqual(result[""total_deduction""], Decimal(""100.00""))"
app_backend/services/service_02_hr_payroll/logic/test_payroll_module_comprehensive.py,894,test_all_correction_deduction_types_are_preserved_with_signed_net,Not impacted,Existing regression or manual live-test reference; nullable column may be omitted; no production formula.,"self.assertEqual(result[""net_salary""], Decimal(""0.00""))"
app_backend/services/service_02_hr_payroll/logic/test_payroll_module_comprehensive.py,897,test_all_correction_deduction_types_are_preserved_with_signed_net,Not impacted,Existing regression or manual live-test reference; nullable column may be omitted; no production formula.,"self.assertEqual(result[""display_net_salary""], Decimal(""-100.00""))"
app_backend/services/service_02_hr_payroll/logic/test_payroll_module_comprehensive.py,913,payroll_run,Not impacted,Existing regression or manual live-test reference; nullable column may be omitted; no production formula.,"source_net_salary=Decimal(""3000.00""),"
app_backend/services/service_02_hr_payroll/logic/test_payroll_module_comprehensive.py,935,test_correction_mixed_earning_and_deduction_recovers_only_shortfall,Not impacted,Existing regression or manual live-test reference; nullable column may be omitted; no production formula.,"self.assertEqual(result[""total_deduction""], Decimal(""1000.00""))"
app_backend/services/service_02_hr_payroll/logic/test_payroll_module_comprehensive.py,938,test_correction_mixed_earning_and_deduction_recovers_only_shortfall,Not impacted,Existing regression or manual live-test reference; nullable column may be omitted; no production formula.,"self.assertEqual(result[""net_salary""], Decimal(""0.00""))"
app_backend/services/service_02_hr_payroll/logic/test_payroll_module_comprehensive.py,941,test_correction_mixed_earning_and_deduction_recovers_only_shortfall,Not impacted,Existing regression or manual live-test reference; nullable column may be omitted; no production formula.,"self.assertEqual(result[""display_net_salary""], Decimal(""-600.00""))"
app_backend/services/service_02_hr_payroll/logic/test_payroll_module_comprehensive.py,953,payroll_run,Not impacted,Existing regression or manual live-test reference; nullable column may be omitted; no production formula.,"source_net_salary=Decimal(""3000.00""),"
app_backend/services/service_02_hr_payroll/logic/test_payroll_module_comprehensive.py,973,test_correction_multiple_deductions_for_one_employee_are_preserved,Not impacted,Existing regression or manual live-test reference; nullable column may be omitted; no production formula.,"self.assertEqual(result[""total_deduction""], Decimal(""1000.00""))"
app_backend/services/service_02_hr_payroll/logic/test_payroll_module_comprehensive.py,976,test_correction_multiple_deductions_for_one_employee_are_preserved,Not impacted,Existing regression or manual live-test reference; nullable column may be omitted; no production formula.,"self.assertEqual(result[""net_salary""], Decimal(""0.00""))"
app_backend/services/service_02_hr_payroll/logic/test_payroll_module_comprehensive.py,992,payroll_run,Not impacted,Existing regression or manual live-test reference; nullable column may be omitted; no production formula.,"source_net_salary=Decimal(""0""),"
app_backend/services/service_02_hr_payroll/logic/test_payroll_module_comprehensive.py,1006,test_off_cycle_zero_net_consumes_adjustments_without_prior_balance,Not impacted,Existing regression or manual live-test reference; nullable column may be omitted; no production formula.,"self.assertEqual(result[""total_deduction""], Decimal(""1000.00""))"
app_backend/services/service_02_hr_payroll/logic/test_payroll_module_comprehensive.py,1009,test_off_cycle_zero_net_consumes_adjustments_without_prior_balance,Not impacted,Existing regression or manual live-test reference; nullable column may be omitted; no production formula.,"self.assertEqual(result[""net_salary""], Decimal(""0.00""))"
app_backend/services/service_02_hr_payroll/logic/test_payroll_module_comprehensive.py,1018,payroll_run,Not impacted,Existing regression or manual live-test reference; nullable column may be omitted; no production formula.,"source_net_salary=Decimal(""999.99""),"
app_backend/services/service_02_hr_payroll/logic/test_payroll_module_comprehensive.py,1041,payroll_run,Not impacted,Existing regression or manual live-test reference; nullable column may be omitted; no production formula.,"source_net_salary=Decimal(""1000.00""),"
app_backend/services/service_02_hr_payroll/logic/test_payroll_module_comprehensive.py,1058,test_multiple_sequential_corrections_respect_remaining_source_balance,Not impacted,Existing regression or manual live-test reference; nullable column may be omitted; no production formula.,"self.assertEqual(result[""total_deduction""], Decimal(""400.00""))"
app_backend/services/service_02_hr_payroll/logic/test_payroll_module_comprehensive.py,1065,exhausted_payroll_run,Not impacted,Existing regression or manual live-test reference; nullable column may be omitted; no production formula.,"source_net_salary=Decimal(""1000.00""),"
app_backend/services/service_02_hr_payroll/logic/test_payroll_module_comprehensive.py,1084,payroll_run,Not impacted,Existing regression or manual live-test reference; nullable column may be omitted; no production formula.,"source_net_salary=Decimal(""3000.00""),"
app_backend/services/service_02_hr_payroll/logic/test_payroll_module_comprehensive.py,1151,source_rows,Not impacted,Existing regression or manual live-test reference; nullable column may be omitted; no production formula.,"""source_payroll_employee_detail_id_fk"": 40,"
app_backend/services/service_02_hr_payroll/logic/test_payroll_module_comprehensive.py,1152,source_rows,Not impacted,Existing regression or manual live-test reference; nullable column may be omitted; no production formula.,"""source_net_salary"": Decimal(""3000.00""),"
app_backend/services/service_02_hr_payroll/logic/test_payroll_module_comprehensive.py,1156,source_rows,Not impacted,Existing regression or manual live-test reference; nullable column may be omitted; no production formula.,"""source_payroll_employee_detail_id_fk"": 41,"
app_backend/services/service_02_hr_payroll/logic/test_payroll_module_comprehensive.py,1157,source_rows,Not impacted,Existing regression or manual live-test reference; nullable column may be omitted; no production formula.,"""source_net_salary"": Decimal(""3000.00""),"
app_backend/services/service_02_hr_payroll/logic/test_payroll_module_comprehensive.py,1184,payroll_run,Not impacted,Existing regression or manual live-test reference; nullable column may be omitted; no production formula.,"""source_payroll_employee_detail_id_fk"": 602,"
app_backend/services/service_02_hr_payroll/logic/test_payroll_module_comprehensive.py,1185,payroll_run,Not impacted,Existing regression or manual live-test reference; nullable column may be omitted; no production formula.,"""source_net_salary"": Decimal(""5000.00""),"
app_backend/services/service_02_hr_payroll/logic/test_payroll_module_comprehensive.py,1215,test_correction_process_uses_header_period_source_without_frontend_source_fields,Not impacted,Existing regression or manual live-test reference; nullable column may be omitted; no production formula.,"self.assertEqual(result[""processed_employees""][0][""net_salary""], Decimal(""2000.00""))"
app_backend/services/service_02_hr_payroll/logic/test_payroll_module_comprehensive.py,1225,test_correction_process_uses_header_period_source_without_frontend_source_fields,Not impacted,Existing regression or manual live-test reference; nullable column may be omitted; no production formula.,"self.assertEqual(deduction_detail[""other_deduction_amount""], Decimal(""1000.00""))"
app_backend/services/service_02_hr_payroll/logic/test_payroll_module_comprehensive.py,1228,test_correction_process_uses_header_period_source_without_frontend_source_fields,Not impacted,Existing regression or manual live-test reference; nullable column may be omitted; no production formula.,"self.assertEqual(result[""processed_employees""][1][""total_deduction""], Decimal(""1000.00""))"
app_backend/services/service_02_hr_payroll/logic/test_payroll_module_comprehensive.py,1237,test_correction_process_uses_header_period_source_without_frontend_source_fields,Not impacted,Existing regression or manual live-test reference; nullable column may be omitted; no production formula.,"self.assertEqual(result[""processed_employees""][1][""net_salary""], Decimal(""0.00""))"
app_backend/services/service_02_hr_payroll/logic/test_payroll_module_comprehensive.py,1240,test_correction_process_uses_header_period_source_without_frontend_source_fields,Not impacted,Existing regression or manual live-test reference; nullable column may be omitted; no production formula.,"self.assertEqual(result[""processed_employees""][1][""display_net_salary""], Decimal(""-1000.00""))"
app_backend/services/service_02_hr_payroll/logic/test_payroll_module_comprehensive.py,1247,test_correction_process_uses_header_period_source_without_frontend_source_fields,Not impacted,Existing regression or manual live-test reference; nullable column may be omitted; no production formula.,"result[""processed_employees""][1][""source_payroll_employee_detail_id_fk""],"
app_backend/services/service_02_hr_payroll/logic/test_payroll_module_comprehensive.py,1258,test_correction_process_uses_header_period_source_without_frontend_source_fields,Not impacted,Existing regression or manual live-test reference; nullable column may be omitted; no production formula.,"self.assertEqual(result[""total_deductions""], Decimal(""1000.00""))"
app_backend/services/service_02_hr_payroll/logic/test_payroll_module_comprehensive.py,1261,test_correction_process_uses_header_period_source_without_frontend_source_fields,Not impacted,Existing regression or manual live-test reference; nullable column may be omitted; no production formula.,"self.assertEqual(result[""total_net_salary""], Decimal(""1000.00""))"
app_backend/services/service_02_hr_payroll/logic/test_payroll_module_comprehensive.py,1298,payroll_run,Not impacted,Existing regression or manual live-test reference; nullable column may be omitted; no production formula.,"source_payroll_employee_detail_id=903,"
app_backend/services/service_02_hr_payroll/logic/test_payroll_module_comprehensive.py,1299,payroll_run,Not impacted,Existing regression or manual live-test reference; nullable column may be omitted; no production formula.,"source_net_salary=""4500.00"","
app_backend/services/service_02_hr_payroll/logic/test_payroll_module_comprehensive.py,1328,test_corr_2026_08_named_employee_totals_return_signed_net_correction,Not impacted,Existing regression or manual live-test reference; nullable column may be omitted; no production formula.,"self.assertEqual(result[""total_deductions""], Decimal(""2000.00""))"
app_backend/services/service_02_hr_payroll/logic/test_payroll_module_comprehensive.py,1331,test_corr_2026_08_named_employee_totals_return_signed_net_correction,Not impacted,Existing regression or manual live-test reference; nullable column may be omitted; no production formula.,"self.assertEqual(result[""total_net_salary""], Decimal(""3000.00""))"
app_backend/services/service_02_hr_payroll/logic/test_payroll_module_comprehensive.py,1332,test_corr_2026_08_named_employee_totals_return_signed_net_correction,Not impacted,Existing regression or manual live-test reference; nullable column may be omitted; no production formula.,"self.assertEqual(result[""display_total_net_salary""], Decimal(""3000.00""))"
app_backend/services/service_02_hr_payroll/logic/test_payroll_module_comprehensive.py,1349,test_corr_2026_08_named_employee_totals_return_signed_net_correction,Not impacted,Existing regression or manual live-test reference; nullable column may be omitted; no production formula.,"self.assertEqual(lokesh_detail[""other_deduction_amount""], Decimal(""2000.00""))"
app_backend/services/service_02_hr_payroll/logic/test_payroll_module_comprehensive.py,1359,test_corr_2026_08_named_employee_totals_return_signed_net_correction,Not impacted,Existing regression or manual live-test reference; nullable column may be omitted; no production formula.,"self.assertEqual(ravi_result[""total_deduction""], Decimal(""0""))"
app_backend/services/service_02_hr_payroll/logic/test_payroll_module_comprehensive.py,1361,test_corr_2026_08_named_employee_totals_return_signed_net_correction,Not impacted,Existing regression or manual live-test reference; nullable column may be omitted; no production formula.,"self.assertEqual(ravi_result[""net_salary""], Decimal(""5000.00""))"
app_backend/services/service_02_hr_payroll/logic/test_payroll_module_comprehensive.py,1364,test_corr_2026_08_named_employee_totals_return_signed_net_correction,Not impacted,Existing regression or manual live-test reference; nullable column may be omitted; no production formula.,"self.assertEqual(ravi_result[""display_net_salary""], Decimal(""5000.00""))"
app_backend/services/service_02_hr_payroll/logic/test_payroll_module_comprehensive.py,1372,test_corr_2026_08_named_employee_totals_return_signed_net_correction,Not impacted,Existing regression or manual live-test reference; nullable column may be omitted; no production formula.,"self.assertEqual(lokesh_result[""total_deduction""], Decimal(""2000.00""))"
app_backend/services/service_02_hr_payroll/logic/test_payroll_module_comprehensive.py,1378,test_corr_2026_08_named_employee_totals_return_signed_net_correction,Not impacted,Existing regression or manual live-test reference; nullable column may be omitted; no production formula.,"self.assertEqual(lokesh_result[""net_salary""], Decimal(""0.00""))"
app_backend/services/service_02_hr_payroll/logic/test_payroll_module_comprehensive.py,1381,test_corr_2026_08_named_employee_totals_return_signed_net_correction,Not impacted,Existing regression or manual live-test reference; nullable column may be omitted; no production formula.,"self.assertEqual(lokesh_result[""display_net_salary""], Decimal(""-2000.00""))"
app_backend/services/service_02_hr_payroll/logic/test_payroll_module_comprehensive.py,1383,test_corr_2026_08_named_employee_totals_return_signed_net_correction,Not impacted,Existing regression or manual live-test reference; nullable column may be omitted; no production formula.,"self.assertEqual(lokesh_result[""source_payroll_employee_detail_id_fk""], 903)"
app_backend/services/service_02_hr_payroll/logic/test_payroll_module_comprehensive.py,1498,conn,Not impacted,Existing regression or manual live-test reference; nullable column may be omitted; no production formula.,"""total_deductions"": Decimal(""250.00""),"
app_backend/services/service_02_hr_payroll/logic/test_payroll_module_comprehensive.py,1501,conn,Not impacted,Existing regression or manual live-test reference; nullable column may be omitted; no production formula.,"""total_net_salary"": Decimal(""7750.00""),"
app_backend/services/service_02_hr_payroll/logic/test_payroll_module_comprehensive.py,1513,test_payroll_run_totals_are_returned_from_database_generated_columns,Not impacted,Existing regression or manual live-test reference; nullable column may be omitted; no production formula.,"self.assertEqual(totals[""total_net_salary""], Decimal(""7750.00""))"
app_backend/services/service_02_hr_payroll/logic/test_payroll_module_comprehensive.py,1744,test_off_cycle_source_business_errors_return_4xx,Not impacted,Existing regression or manual live-test reference; nullable column may be omitted; no production formula.,"""source_payroll_run_id or source_payroll_employee_detail_id """
app_backend/services/service_02_hr_payroll/logic/test_payroll_penalty_deduction.py,28,MIGRATION,Updated,New component/migration/API verification.,MIGRATION = SERVICE / 'data/20261001_include_penalty_deduction_in_payroll.sql'
app_backend/services/service_02_hr_payroll/logic/test_payroll_penalty_deduction.py,42,values,Updated,New component/migration/API verification.,"values = dict(basic_salary=D('10000'), other_deduction_amount=D('1000'), penalty_deduction=D('500'))"
app_backend/services/service_02_hr_payroll/logic/test_payroll_penalty_deduction.py,43,test_python_deduction_and_net_include_penalty_once,Updated,New component/migration/API verification.,"self.assertEqual(self.run._calculate_detail_total_deduction(values), D('1500'))"
app_backend/services/service_02_hr_payroll/logic/test_payroll_penalty_deduction.py,44,test_python_deduction_and_net_include_penalty_once,Updated,New component/migration/API verification.,"self.assertEqual(self.run._calculate_detail_net_salary(values), D('8500'))"
app_backend/services/service_02_hr_payroll/logic/test_payroll_penalty_deduction.py,48,test_null_omitted_and_decimal_arithmetic,Updated,New component/migration/API verification.,"self.assertEqual(self.run._calculate_detail_total_deduction({'penalty_deduction': value}), 0)"
app_backend/services/service_02_hr_payroll/logic/test_payroll_penalty_deduction.py,49,test_null_omitted_and_decimal_arithmetic,Updated,New component/migration/API verification.,"self.assertEqual(self.run._calculate_detail_total_deduction({}), 0)"
app_backend/services/service_02_hr_payroll/logic/test_payroll_penalty_deduction.py,50,test_null_omitted_and_decimal_arithmetic,Updated,New component/migration/API verification.,self.assertEqual(self.run._calculate_detail_total_deduction(
app_backend/services/service_02_hr_payroll/logic/test_payroll_penalty_deduction.py,51,test_null_omitted_and_decimal_arithmetic,Updated,New component/migration/API verification.,"{'fine_deduction': D('0.10'), 'penalty_deduction': D('0.20')}), D('0.30'))"
app_backend/services/service_02_hr_payroll/logic/test_payroll_penalty_deduction.py,56,test_adjustment_mapping_remains_independent,Updated,New component/migration/API verification.,"self.assertNotIn('penalty_deduction', totals)"
app_backend/services/service_02_hr_payroll/logic/test_payroll_penalty_deduction.py,57,test_adjustment_mapping_remains_independent,Updated,New component/migration/API verification.,"self.assertNotIn('penalty_deduction', payroll.ADJUSTMENT_COLUMNS.values())"
app_backend/services/service_02_hr_payroll/logic/test_payroll_penalty_deduction.py,58,test_adjustment_mapping_remains_independent,Updated,New component/migration/API verification.,"self.assertEqual(totals['other_deduction_amount'], D('300'))"
app_backend/services/service_02_hr_payroll/logic/test_payroll_penalty_deduction.py,62,request,Updated,New component/migration/API verification.,request = api.PayrollDetailUpdatePayload(penalty_deduction='250.15')
app_backend/services/service_02_hr_payroll/logic/test_payroll_penalty_deduction.py,63,test_decimal_request_and_no_process_input_expansion,Updated,New component/migration/API verification.,"self.assertEqual(request.penalty_deduction, D('250.15'))"
app_backend/services/service_02_hr_payroll/logic/test_payroll_penalty_deduction.py,66,test_decimal_request_and_no_process_input_expansion,Updated,New component/migration/API verification.,"self.assertNotIn('penalty_deduction', cls.model_fields)"
app_backend/services/service_02_hr_payroll/logic/test_payroll_penalty_deduction.py,70,field,Updated,New component/migration/API verification.,field = schema['components']['schemas']['PayrollDetailUpdatePayload']['properties']['penalty_deduction']
app_backend/services/service_02_hr_payroll/logic/test_payroll_penalty_deduction.py,72,test_openapi_request_and_open_detail_response_schemas,Updated,New component/migration/API verification.,"self.assertNotIn('penalty_deduction', schema['components']['schemas']['PayrollDetailUpdatePayload'].get('required', []))"
app_backend/services/service_02_hr_payroll/logic/test_payroll_penalty_deduction.py,80,test_openapi_request_and_open_detail_response_schemas,Updated,New component/migration/API verification.,"self.assertIn('penalty_deduction', dto['properties'])"
app_backend/services/service_02_hr_payroll/logic/test_payroll_penalty_deduction.py,120,setUp,Updated,New component/migration/API verification.,"c.exec_driver_sql('TRUNCATE payroll_correction_recovery,payroll_adjustment,payroll_employee_detail,payroll_run RESTART IDENTITY CASCADE')"
app_backend/services/service_02_hr_payroll/logic/test_payroll_penalty_deduction.py,178,test_public_monthly_crud_omission_null_and_zero,Updated,New component/migration/API verification.,"self.assertEqual(self.detail(run)['penalty_deduction'], 0)"
app_backend/services/service_02_hr_payroll/logic/test_payroll_penalty_deduction.py,179,test_public_monthly_crud_omission_null_and_zero,Updated,New component/migration/API verification.,"self.update(run, penalty_deduction='250.00')"
app_backend/services/service_02_hr_payroll/logic/test_payroll_penalty_deduction.py,180,test_public_monthly_crud_omission_null_and_zero,Updated,New component/migration/API verification.,"self.assertEqual(self.detail(run)['penalty_deduction'], 250)"
app_backend/services/service_02_hr_payroll/logic/test_payroll_penalty_deduction.py,181,test_public_monthly_crud_omission_null_and_zero,Updated,New component/migration/API verification.,"self.update(run, penalty_deduction='300.00')"
app_backend/services/service_02_hr_payroll/logic/test_payroll_penalty_deduction.py,182,test_public_monthly_crud_omission_null_and_zero,Updated,New component/migration/API verification.,"self.update(run, other_deduction_amount=25)"
app_backend/services/service_02_hr_payroll/logic/test_payroll_penalty_deduction.py,183,test_public_monthly_crud_omission_null_and_zero,Updated,New component/migration/API verification.,"self.assertEqual(self.detail(run)['penalty_deduction'], 300)"
app_backend/services/service_02_hr_payroll/logic/test_payroll_penalty_deduction.py,184,test_public_monthly_crud_omission_null_and_zero,Updated,New component/migration/API verification.,"self.update(run, penalty_deduction=None, fine_deduction=10)"
app_backend/services/service_02_hr_payroll/logic/test_payroll_penalty_deduction.py,185,test_public_monthly_crud_omission_null_and_zero,Updated,New component/migration/API verification.,"self.assertEqual(self.detail(run)['penalty_deduction'], 300)"
app_backend/services/service_02_hr_payroll/logic/test_payroll_penalty_deduction.py,186,test_public_monthly_crud_omission_null_and_zero,Updated,New component/migration/API verification.,"self.update(run, penalty_deduction=0)"
app_backend/services/service_02_hr_payroll/logic/test_payroll_penalty_deduction.py,187,test_public_monthly_crud_omission_null_and_zero,Updated,New component/migration/API verification.,"self.assertEqual(self.detail(run)['penalty_deduction'], 0)"
app_backend/services/service_02_hr_payroll/logic/test_payroll_penalty_deduction.py,195,payload['penalty_deduction'],Updated,New component/migration/API verification.,payload['penalty_deduction'] = D('250.00')
app_backend/services/service_02_hr_payroll/logic/test_payroll_penalty_deduction.py,196,test_create_helper_persists_supplied_component,Updated,New component/migration/API verification.,"self.monthly._create_payroll_employee_detail(c, payload)"
app_backend/services/service_02_hr_payroll/logic/test_payroll_penalty_deduction.py,198,test_create_helper_persists_supplied_component,Updated,New component/migration/API verification.,"self.assertEqual(self.detail(run)['penalty_deduction'], 250)"
app_backend/services/service_02_hr_payroll/logic/test_payroll_penalty_deduction.py,199,test_create_helper_persists_supplied_component,Updated,New component/migration/API verification.,"self.assertEqual(self.detail(run)['net_salary'], 9750)"
app_backend/services/service_02_hr_payroll/logic/test_payroll_penalty_deduction.py,203,totals,Updated,New component/migration/API verification.,"totals = self.update(run, other_deduction_amount=1000, penalty_deduction=500)"
app_backend/services/service_02_hr_payroll/logic/test_payroll_penalty_deduction.py,205,test_10000_minus_1000_minus_500_and_run_reconciliation,Updated,New component/migration/API verification.,"self.assertEqual((detail['gross_salary'], detail['total_deduction'], detail['net_salary']), (10000, 1500, 8500))"
app_backend/services/service_02_hr_payroll/logic/test_payroll_penalty_deduction.py,206,test_10000_minus_1000_minus_500_and_run_reconciliation,Updated,New component/migration/API verification.,"self.assertEqual((totals['total_deductions'], totals['total_net_salary']), (1500, 18500))"
app_backend/services/service_02_hr_payroll/logic/test_payroll_penalty_deduction.py,208,test_10000_minus_1000_minus_500_and_run_reconciliation,Updated,New component/migration/API verification.,"self.assertEqual(sum(r['total_deduction'] for r in details), totals['total_deductions'])"
app_backend/services/service_02_hr_payroll/logic/test_payroll_penalty_deduction.py,209,test_10000_minus_1000_minus_500_and_run_reconciliation,Updated,New component/migration/API verification.,"self.assertEqual(sum(r['net_salary'] for r in details), totals['total_net_salary'])"
app_backend/services/service_02_hr_payroll/logic/test_payroll_penalty_deduction.py,210,test_10000_minus_1000_minus_500_and_run_reconciliation,Updated,New component/migration/API verification.,"self.assertEqual(details[0]['penalty_deduction'], 500)"
app_backend/services/service_02_hr_payroll/logic/test_payroll_penalty_deduction.py,212,test_10000_minus_1000_minus_500_and_run_reconciliation,Updated,New component/migration/API verification.,"self.assertEqual(recalculated['total_net_salary'], 18500)"
app_backend/services/service_02_hr_payroll/logic/test_payroll_penalty_deduction.py,218,totals,Updated,New component/migration/API verification.,"totals = self.update(run, penalty_deduction='0.20')"
app_backend/services/service_02_hr_payroll/logic/test_payroll_penalty_deduction.py,220,test_existing_deductions_and_adjustments_included_once,Updated,New component/migration/API verification.,"self.assertEqual(detail['total_deduction'], 91.1)"
app_backend/services/service_02_hr_payroll/logic/test_payroll_penalty_deduction.py,221,test_existing_deductions_and_adjustments_included_once,Updated,New component/migration/API verification.,"self.assertEqual(totals['total_net_salary'], 9908.9)"
app_backend/services/service_02_hr_payroll/logic/test_payroll_penalty_deduction.py,230,test_decimal_rounding_and_preserved_null_read,Updated,New component/migration/API verification.,"self.update(run, penalty_deduction='250.155')"
app_backend/services/service_02_hr_payroll/logic/test_payroll_penalty_deduction.py,231,row,Updated,New component/migration/API verification.,row = self.rows('SELECT penalty_deduction FROM payroll_employee_detail')[0]
app_backend/services/service_02_hr_payroll/logic/test_payroll_penalty_deduction.py,232,test_decimal_rounding_and_preserved_null_read,Updated,New component/migration/API verification.,"self.assertEqual(row['penalty_deduction'], D('250.16'))"
app_backend/services/service_02_hr_payroll/logic/test_payroll_penalty_deduction.py,234,test_decimal_rounding_and_preserved_null_read,Updated,New component/migration/API verification.,c.exec_driver_sql('UPDATE payroll_employee_detail SET penalty_deduction=NULL')
app_backend/services/service_02_hr_payroll/logic/test_payroll_penalty_deduction.py,235,test_decimal_rounding_and_preserved_null_read,Updated,New component/migration/API verification.,self.assertIsNone(self.detail(run)['penalty_deduction'])
app_backend/services/service_02_hr_payroll/logic/test_payroll_penalty_deduction.py,237,test_decimal_rounding_and_preserved_null_read,Updated,New component/migration/API verification.,self.assertIsNone(listed[0]['penalty_deduction'])
app_backend/services/service_02_hr_payroll/logic/test_payroll_penalty_deduction.py,238,test_decimal_rounding_and_preserved_null_read,Updated,New component/migration/API verification.,"self.assertEqual(listed[0]['net_salary'], 10000)"
app_backend/services/service_02_hr_payroll/logic/test_payroll_penalty_deduction.py,241,run,Updated,New component/migration/API verification.,"run = self.create(); self.process(run); self.update(run, penalty_deduction=250)"
app_backend/services/service_02_hr_payroll/logic/test_payroll_penalty_deduction.py,243,response,Updated,New component/migration/API verification.,"'payroll_run_id': run, 'payroll_employee_id_fk': 1, 'penalty_deduction': -1})"
app_backend/services/service_02_hr_payroll/logic/test_payroll_penalty_deduction.py,246,test_negative_value_rejected_without_mutation,Updated,New component/migration/API verification.,"self.assertEqual(self.detail(run)['penalty_deduction'], 250)"
app_backend/services/service_02_hr_payroll/logic/test_payroll_penalty_deduction.py,251,response,Updated,New component/migration/API verification.,"'payroll_run_id': run, 'payroll_employee_id_fk': 1, 'payroll_org_id_fk': 88, 'penalty_deduction': 250})"
app_backend/services/service_02_hr_payroll/logic/test_payroll_penalty_deduction.py,255,test_org_and_auth_enforcement_unchanged,Updated,New component/migration/API verification.,"'payroll_run_id': run, 'payroll_employee_id_fk': 1, 'penalty_deduction': 250}).status_code, 401)"
app_backend/services/service_02_hr_payroll/logic/test_payroll_penalty_deduction.py,256,test_org_and_auth_enforcement_unchanged,Updated,New component/migration/API verification.,"self.assertEqual(self.rows('SELECT penalty_deduction FROM payroll_employee_detail')[0]['penalty_deduction'], 0)"
app_backend/services/service_02_hr_payroll/logic/test_payroll_penalty_deduction.py,259,run,Updated,New component/migration/API verification.,"run = self.create(); self.process(run); self.update(run, penalty_deduction=250)"
app_backend/services/service_02_hr_payroll/logic/test_payroll_penalty_deduction.py,265,test_approval_adapter_preserves_component_and_totals,Updated,New component/migration/API verification.,"self.assertEqual(detail['penalty_deduction'], 250)"
app_backend/services/service_02_hr_payroll/logic/test_payroll_penalty_deduction.py,266,test_approval_adapter_preserves_component_and_totals,Updated,New component/migration/API verification.,"self.assertEqual(detail['net_salary'], 9750)"
app_backend/services/service_02_hr_payroll/logic/test_payroll_penalty_deduction.py,270,run,Updated,New component/migration/API verification.,"run = self.create(); self.process(run); self.update(run, penalty_deduction=250)"
app_backend/services/service_02_hr_payroll/logic/test_payroll_penalty_deduction.py,273,test_cancel_preserves_component_and_existing_status_semantics,Updated,New component/migration/API verification.,"self.assertEqual(detail['penalty_deduction'], 250)"
app_backend/services/service_02_hr_payroll/logic/test_payroll_penalty_deduction.py,277,run,Updated,New component/migration/API verification.,"run = self.create(); self.process(run); self.update(run, penalty_deduction=250)"
app_backend/services/service_02_hr_payroll/logic/test_payroll_penalty_deduction.py,281,test_duplicate_process_does_not_overwrite_component,Updated,New component/migration/API verification.,"self.assertEqual(self.detail(run)['penalty_deduction'], 250)"
app_backend/services/service_02_hr_payroll/logic/test_payroll_penalty_deduction.py,288,test_one_time_and_final_settlement_compatible_reads_and_totals,Updated,New component/migration/API verification.,"self.assertEqual(self.detail(run, kind)['penalty_deduction'], 0)"
app_backend/services/service_02_hr_payroll/logic/test_payroll_penalty_deduction.py,289,test_one_time_and_final_settlement_compatible_reads_and_totals,Updated,New component/migration/API verification.,"self.update(run, penalty_deduction=250)"
app_backend/services/service_02_hr_payroll/logic/test_payroll_penalty_deduction.py,291,test_one_time_and_final_settlement_compatible_reads_and_totals,Updated,New component/migration/API verification.,"self.assertEqual((detail['gross_salary'], detail['total_deduction'], detail['net_salary']), (1000, 250, 750))"
app_backend/services/service_02_hr_payroll/logic/test_payroll_penalty_deduction.py,296,test_one_time_and_final_settlement_compatible_reads_and_totals,Updated,New component/migration/API verification.,"self.assertEqual(listed[0]['penalty_deduction'], 250)"
app_backend/services/service_02_hr_payroll/logic/test_payroll_penalty_deduction.py,306,correction_fixture,Updated,New component/migration/API verification.,"c.execute(text('''UPDATE payroll_employee_detail SET penalty_deduction=50,"
app_backend/services/service_02_hr_payroll/logic/test_payroll_penalty_deduction.py,315,test_correction_existing_value_reads_and_serialization,Updated,New component/migration/API verification.,"self.assertEqual((detail['penalty_deduction'], detail['total_deduction'], detail['net_salary']), (50, 550, 0))"
app_backend/services/service_02_hr_payroll/logic/test_payroll_penalty_deduction.py,316,test_correction_existing_value_reads_and_serialization,Updated,New component/migration/API verification.,"self.assertEqual(detail['display_net_salary'], -450)"
app_backend/services/service_02_hr_payroll/logic/test_payroll_penalty_deduction.py,318,test_correction_existing_value_reads_and_serialization,Updated,New component/migration/API verification.,"self.assertEqual(listed[0]['penalty_deduction'], 50)"
app_backend/services/service_02_hr_payroll/logic/test_payroll_penalty_deduction.py,326,snapshots,Updated,New component/migration/API verification.,"'payroll_employee_detail', 'payroll_correction_recovery', 'payroll_adjustment', 'payroll_run')}"
app_backend/services/service_02_hr_payroll/logic/test_payroll_penalty_deduction.py,329,response,Updated,New component/migration/API verification.,"'payroll_run_id': run, 'payroll_employee_id_fk': 1, 'penalty_deduction': value, 'bonus_amount': 200})"
app_backend/services/service_02_hr_payroll/logic/test_payroll_penalty_deduction.py,342,response,Updated,New component/migration/API verification.,"'payroll_run_id': run, 'payroll_employee_id_fk': 1, 'penalty_deduction': 0})"
app_backend/services/service_02_hr_payroll/logic/test_payroll_penalty_deduction.py,345,test_correction_restriction_is_clear_for_terminal_runs_too,Updated,New component/migration/API verification.,"self.assertEqual(self.detail(run, 'CORRECTION')['penalty_deduction'], 50)"
app_backend/services/service_02_hr_payroll/logic/test_payroll_penalty_deduction.py,349,test_correction_omitted_or_null_penalty_does_not_block_unrelated_update,Updated,New component/migration/API verification.,"for values in ({'bonus_amount': 100}, {'bonus_amount': 100, 'penalty_deduction': None}):"
app_backend/services/service_02_hr_payroll/logic/test_payroll_penalty_deduction.py,351,test_correction_omitted_or_null_penalty_does_not_block_unrelated_update,Updated,New component/migration/API verification.,"self.assertEqual(self.detail(run, 'CORRECTION')['penalty_deduction'], 50)"
app_backend/services/service_02_hr_payroll/logic/test_payroll_penalty_deduction.py,354,source,Updated,New component/migration/API verification.,"source = self.create(); self.process(source); self.update(source, penalty_deduction=500)"
app_backend/services/service_02_hr_payroll/logic/test_payroll_penalty_deduction.py,357,test_existing_correction_no_copy_or_automatic_penalty_delta,Updated,New component/migration/API verification.,"self.assertEqual(self.detail(source)['penalty_deduction'], 500)"
app_backend/services/service_02_hr_payroll/logic/test_payroll_penalty_deduction.py,359,test_existing_correction_no_copy_or_automatic_penalty_delta,Updated,New component/migration/API verification.,"self.assertEqual(corrected['penalty_deduction'], 0)"
app_backend/services/service_02_hr_payroll/logic/test_payroll_penalty_deduction.py,360,test_existing_correction_no_copy_or_automatic_penalty_delta,Updated,New component/migration/API verification.,"self.assertEqual(corrected['display_net_salary'], 200)"
app_backend/services/service_02_hr_payroll/logic/test_payroll_penalty_deduction.py,366,run,Updated,New component/migration/API verification.,"run = self.create(); self.process(run); self.update(run, penalty_deduction=250)"
app_backend/services/service_02_hr_payroll/logic/test_payroll_penalty_deduction.py,367,test_no_penalties_tables_are_required,Updated,New component/migration/API verification.,"self.assertEqual(self.detail(run)['penalty_deduction'], 250)"
app_backend/services/service_02_hr_payroll/logic/test_payroll_penalty_deduction.py,373,old_expressions,Updated,New component/migration/API verification.,"for name in ('total_deduction', 'net_salary'):"
app_backend/services/service_02_hr_payroll/logic/test_payroll_penalty_deduction.py,375,expression,Updated,New component/migration/API verification.,"expression = expression.replace('+ COALESCE(penalty_deduction, 0)', '')"
app_backend/services/service_02_hr_payroll/logic/test_payroll_penalty_deduction.py,376,old_expressions,Updated,New component/migration/API verification.,c.exec_driver_sql(f'ALTER TABLE payroll_employee_detail ALTER COLUMN {name} SET EXPRESSION AS ({expression})')
app_backend/services/service_02_hr_payroll/logic/test_payroll_penalty_deduction.py,379,constraint,Updated,New component/migration/API verification.,").group(1).replace('+ COALESCE(penalty_deduction, 0)', '')"
app_backend/services/service_02_hr_payroll/logic/test_payroll_penalty_deduction.py,380,old_expressions,Updated,New component/migration/API verification.,c.exec_driver_sql('ALTER TABLE payroll_employee_detail DROP CONSTRAINT chk_payroll_detail_correction_recovery_limit')
app_backend/services/service_02_hr_payroll/logic/test_payroll_penalty_deduction.py,381,old_expressions,Updated,New component/migration/API verification.,c.exec_driver_sql('ALTER TABLE payroll_employee_detail ADD CONSTRAINT chk_payroll_detail_correction_recovery_limit CHECK (' + constraint + ')')
app_backend/services/service_02_hr_payroll/logic/test_payroll_penalty_deduction.py,386,restore_expressions,Updated,New component/migration/API verification.,"c.exec_driver_sql('TRUNCATE payroll_correction_recovery,payroll_adjustment,payroll_employee_detail,payroll_run RESTART IDENTITY CASCADE')"
app_backend/services/service_02_hr_payroll/logic/test_payroll_penalty_deduction.py,395,run,Updated,New component/migration/API verification.,"run = self.create(); self.process(run); self.update(run, other_deduction_amount=1000, penalty_deduction=500)"
app_backend/services/service_02_hr_payroll/logic/test_payroll_penalty_deduction.py,396,before,Updated,New component/migration/API verification.,"before = self.rows(""SELECT attnum,atttypid,atttypmod,attnotnull FROM pg_attribute WHERE attrelid='payroll_employee_detail'::regclass AND attname='penalty_deduction'"")"
app_backend/services/service_02_hr_payroll/logic/test_payroll_penalty_deduction.py,397,test_migration_updates_formulas_and_run_totals_without_recreating_column,Updated,New component/migration/API verification.,"self.assertEqual(self.detail(run)['net_salary'], 9000)"
app_backend/services/service_02_hr_payroll/logic/test_payroll_penalty_deduction.py,399,test_migration_updates_formulas_and_run_totals_without_recreating_column,Updated,New component/migration/API verification.,"self.assertEqual(self.detail(run)['net_salary'], 8500)"
app_backend/services/service_02_hr_payroll/logic/test_payroll_penalty_deduction.py,400,test_migration_updates_formulas_and_run_totals_without_recreating_column,Updated,New component/migration/API verification.,"self.assertEqual(self.detail(run)['total_deduction'], 1500)"
app_backend/services/service_02_hr_payroll/logic/test_payroll_penalty_deduction.py,402,test_migration_updates_formulas_and_run_totals_without_recreating_column,Updated,New component/migration/API verification.,"self.assertEqual(header['total_deductions'], 1500)"
app_backend/services/service_02_hr_payroll/logic/test_payroll_penalty_deduction.py,403,test_migration_updates_formulas_and_run_totals_without_recreating_column,Updated,New component/migration/API verification.,"self.assertEqual(header['total_net_salary'], 8500)"
app_backend/services/service_02_hr_payroll/logic/test_payroll_penalty_deduction.py,404,after,Updated,New component/migration/API verification.,"after = self.rows(""SELECT attnum,atttypid,atttypmod,attnotnull FROM pg_attribute WHERE attrelid='payroll_employee_detail'::regclass AND attname='penalty_deduction'"")"
app_backend/services/service_02_hr_payroll/logic/test_payroll_penalty_deduction.py,406,definition,Updated,New component/migration/API verification.,"definition = self.rows(""SELECT is_nullable,column_default FROM information_schema.columns WHERE table_name='payroll_employee_detail' AND column_name='penalty_deduction'"")[0]"
app_backend/services/service_02_hr_payroll/logic/test_payroll_penalty_deduction.py,411,run,Updated,New component/migration/API verification.,"run = self.create(); self.process(run); self.update(run, penalty_deduction=500)"
app_backend/services/service_02_hr_payroll/logic/test_payroll_penalty_deduction.py,417,test_migration_stops_for_nonzero_finalized_or_correction_values,Updated,New component/migration/API verification.,"self.assertEqual(self.detail(run)['net_salary'], 10000)"
app_backend/services/service_02_hr_payroll/logic/test_payroll_penalty_deduction.py,418,test_migration_stops_for_nonzero_finalized_or_correction_values,Updated,New component/migration/API verification.,"self.assertEqual(self.detail(run)['penalty_deduction'], 500)"
app_backend/services/service_02_hr_payroll/logic/test_payroll_penalty_deduction.py,423,test_migration_null_zero_rows_and_recovery_limit,Updated,New component/migration/API verification.,c.exec_driver_sql('UPDATE payroll_employee_detail SET penalty_deduction=NULL WHERE payroll_employee_id_fk=1')
app_backend/services/service_02_hr_payroll/logic/test_payroll_penalty_deduction.py,425,test_migration_null_zero_rows_and_recovery_limit,Updated,New component/migration/API verification.,self.assertIsNone(self.detail(run)['penalty_deduction'])
app_backend/services/service_02_hr_payroll/logic/test_payroll_penalty_deduction.py,426,test_migration_null_zero_rows_and_recovery_limit,Updated,New component/migration/API verification.,"self.assertEqual(self.detail(run)['net_salary'], 10000)"
app_backend/services/service_02_hr_payroll/logic/test_payroll_penalty_deduction.py,429,test_migration_null_zero_rows_and_recovery_limit,Updated,New component/migration/API verification.,"c.exec_driver_sql('''UPDATE payroll_employee_detail SET basic_salary=0,"
app_backend/services/service_02_hr_payroll/logic/test_payroll_penalty_deduction.py,430,test_migration_null_zero_rows_and_recovery_limit,Updated,New component/migration/API verification.,"penalty_deduction=50,correction_net_amount=-50,correction_recovery_amount=50"
app_backend/services/service_02_hr_payroll/logic/test_payroll_penalty_deduction.py,432,row,Updated,New component/migration/API verification.,"row = self.rows('SELECT total_deduction,net_salary FROM payroll_employee_detail WHERE payroll_employee_id_fk=2')[0]"
app_backend/services/service_02_hr_payroll/logic/test_payroll_penalty_deduction.py,433,test_migration_null_zero_rows_and_recovery_limit,Updated,New component/migration/API verification.,"self.assertEqual(row, {'total_deduction': D('50'), 'net_salary': D('0')})"
app_backend/services/service_02_hr_payroll/data/simplified_payroll_module_ddl.sql,11,,Updated,Fresh-schema column/generated/constraint sum includes independent nullable component once.,-- 20261001_include_penalty_deduction_in_payroll.sql requires the manually added
app_backend/services/service_02_hr_payroll/data/simplified_payroll_module_ddl.sql,12,,Updated,Fresh-schema column/generated/constraint sum includes independent nullable component once.,-- penalty_deduction column and must follow the correction-recovery migration.
app_backend/services/service_02_hr_payroll/data/simplified_payroll_module_ddl.sql,17,,Not impacted,Existing table identity/FK/index/run-total/unrelated component or constraint; unchanged.,--   3. public.payroll_employee_detail
app_backend/services/service_02_hr_payroll/data/simplified_payroll_module_ddl.sql,52,,Not impacted,Existing table identity/FK/index/run-total/unrelated component or constraint; unchanged.,"total_deductions                NUMERIC(18,2) NOT NULL DEFAULT 0,"
app_backend/services/service_02_hr_payroll/data/simplified_payroll_module_ddl.sql,55,,Not impacted,Existing table identity/FK/index/run-total/unrelated component or constraint; unchanged.,"total_net_salary                NUMERIC(18,2) NOT NULL DEFAULT 0,"
app_backend/services/service_02_hr_payroll/data/simplified_payroll_module_ddl.sql,137,,Not impacted,Existing table identity/FK/index/run-total/unrelated component or constraint; unchanged.,"CHECK (total_deductions >= 0),"
app_backend/services/service_02_hr_payroll/data/simplified_payroll_module_ddl.sql,143,,Not impacted,Existing table identity/FK/index/run-total/unrelated component or constraint; unchanged.,CHECK (total_net_salary >= 0)
app_backend/services/service_02_hr_payroll/data/simplified_payroll_module_ddl.sql,303,,Not impacted,Existing table identity/FK/index/run-total/unrelated component or constraint; unchanged.,CREATE TABLE public.payroll_employee_detail (
app_backend/services/service_02_hr_payroll/data/simplified_payroll_module_ddl.sql,304,,Not impacted,Existing table identity/FK/index/run-total/unrelated component or constraint; unchanged.,"payroll_employee_detail_id_pk      BIGSERIAL PRIMARY KEY,"
app_backend/services/service_02_hr_payroll/data/simplified_payroll_module_ddl.sql,335,,Not impacted,Existing table identity/FK/index/run-total/unrelated component or constraint; unchanged.,"other_deduction_amount             NUMERIC(18,2) NOT NULL DEFAULT 0,"
app_backend/services/service_02_hr_payroll/data/simplified_payroll_module_ddl.sql,337,,Updated,Fresh-schema column/generated/constraint sum includes independent nullable component once.,"penalty_deduction                  NUMERIC(18,2),"
app_backend/services/service_02_hr_payroll/data/simplified_payroll_module_ddl.sql,362,,Updated,Fresh-schema column/generated/constraint sum includes independent nullable component once.,"total_deduction NUMERIC(18,2)"
app_backend/services/service_02_hr_payroll/data/simplified_payroll_module_ddl.sql,372,,Updated,Fresh-schema column/generated/constraint sum includes independent nullable component once.,+ other_deduction_amount
app_backend/services/service_02_hr_payroll/data/simplified_payroll_module_ddl.sql,373,,Updated,Fresh-schema column/generated/constraint sum includes independent nullable component once.,"+ COALESCE(penalty_deduction, 0)"
app_backend/services/service_02_hr_payroll/data/simplified_payroll_module_ddl.sql,376,,Updated,Fresh-schema column/generated/constraint sum includes independent nullable component once.,"net_salary NUMERIC(18,2)"
app_backend/services/service_02_hr_payroll/data/simplified_payroll_module_ddl.sql,403,,Updated,Fresh-schema column/generated/constraint sum includes independent nullable component once.,+ other_deduction_amount
app_backend/services/service_02_hr_payroll/data/simplified_payroll_module_ddl.sql,404,,Updated,Fresh-schema column/generated/constraint sum includes independent nullable component once.,"+ COALESCE(penalty_deduction, 0)"
app_backend/services/service_02_hr_payroll/data/simplified_payroll_module_ddl.sql,442,,Not impacted,Existing table identity/FK/index/run-total/unrelated component or constraint; unchanged.,CONSTRAINT fk_payroll_employee_detail_run
app_backend/services/service_02_hr_payroll/data/simplified_payroll_module_ddl.sql,446,,Not impacted,Existing table identity/FK/index/run-total/unrelated component or constraint; unchanged.,CONSTRAINT fk_payroll_employee_detail_employee
app_backend/services/service_02_hr_payroll/data/simplified_payroll_module_ddl.sql,505,,Not impacted,Existing table identity/FK/index/run-total/unrelated component or constraint; unchanged.,"CHECK (other_deduction_amount >= 0),"
app_backend/services/service_02_hr_payroll/data/simplified_payroll_module_ddl.sql,528,,Updated,Fresh-schema column/generated/constraint sum includes independent nullable component once.,+ other_deduction_amount
app_backend/services/service_02_hr_payroll/data/simplified_payroll_module_ddl.sql,529,,Updated,Fresh-schema column/generated/constraint sum includes independent nullable component once.,"+ COALESCE(penalty_deduction, 0)"
app_backend/services/service_02_hr_payroll/data/simplified_payroll_module_ddl.sql,549,,Not impacted,Existing table identity/FK/index/run-total/unrelated component or constraint; unchanged.,CONSTRAINT chk_payroll_detail_net_salary
app_backend/services/service_02_hr_payroll/data/simplified_payroll_module_ddl.sql,550,,Not impacted,Existing table identity/FK/index/run-total/unrelated component or constraint; unchanged.,"CHECK (net_salary >= 0),"
app_backend/services/service_02_hr_payroll/data/simplified_payroll_module_ddl.sql,586,,Not impacted,Existing table identity/FK/index/run-total/unrelated component or constraint; unchanged.,CREATE INDEX idx_payroll_employee_detail_run
app_backend/services/service_02_hr_payroll/data/simplified_payroll_module_ddl.sql,587,,Not impacted,Existing table identity/FK/index/run-total/unrelated component or constraint; unchanged.,ON public.payroll_employee_detail (payroll_run_id_fk);
app_backend/services/service_02_hr_payroll/data/simplified_payroll_module_ddl.sql,589,,Not impacted,Existing table identity/FK/index/run-total/unrelated component or constraint; unchanged.,CREATE INDEX idx_payroll_employee_detail_employee
app_backend/services/service_02_hr_payroll/data/simplified_payroll_module_ddl.sql,590,,Not impacted,Existing table identity/FK/index/run-total/unrelated component or constraint; unchanged.,ON public.payroll_employee_detail (
app_backend/services/service_02_hr_payroll/data/simplified_payroll_module_ddl.sql,596,,Not impacted,Existing table identity/FK/index/run-total/unrelated component or constraint; unchanged.,ON public.payroll_employee_detail (
app_backend/services/service_02_hr_payroll/data/simplified_payroll_module_ddl.sql,615,,Not impacted,Existing table identity/FK/index/run-total/unrelated component or constraint; unchanged.,"correction_payroll_employee_detail_id_fk BIGINT NOT NULL,"
app_backend/services/service_02_hr_payroll/data/simplified_payroll_module_ddl.sql,618,,Not impacted,Existing table identity/FK/index/run-total/unrelated component or constraint; unchanged.,"source_payroll_employee_detail_id_fk     BIGINT NOT NULL,"
app_backend/services/service_02_hr_payroll/data/simplified_payroll_module_ddl.sql,645,,Not impacted,Existing table identity/FK/index/run-total/unrelated component or constraint; unchanged.,FOREIGN KEY (correction_payroll_employee_detail_id_fk)
app_backend/services/service_02_hr_payroll/data/simplified_payroll_module_ddl.sql,646,,Not impacted,Existing table identity/FK/index/run-total/unrelated component or constraint; unchanged.,"REFERENCES public.payroll_employee_detail (payroll_employee_detail_id_pk),"
app_backend/services/service_02_hr_payroll/data/simplified_payroll_module_ddl.sql,653,,Not impacted,Existing table identity/FK/index/run-total/unrelated component or constraint; unchanged.,FOREIGN KEY (source_payroll_employee_detail_id_fk)
app_backend/services/service_02_hr_payroll/data/simplified_payroll_module_ddl.sql,654,,Not impacted,Existing table identity/FK/index/run-total/unrelated component or constraint; unchanged.,"REFERENCES public.payroll_employee_detail (payroll_employee_detail_id_pk),"
app_backend/services/service_02_hr_payroll/data/simplified_payroll_module_ddl.sql,672,,Not impacted,Existing table identity/FK/index/run-total/unrelated component or constraint; unchanged.,"source_payroll_employee_detail_id_fk,"
app_backend/services/service_02_hr_payroll/logic/payroll_module.py,33,DEDUCTION_ADJUSTMENT_COLUMNS,Not impacted,Shared calculation/SELECT-star/aggregate/status/identity reference or adjustment-only mapping; already consumes shared components or does not project component values.,"""OTHER_DEDUCTION"": ""other_deduction_amount"","
app_backend/services/service_02_hr_payroll/logic/payroll_module.py,58,PAYROLL_DETAIL_AMOUNT_COLUMNS,Updated,Shared component insert/default/update handling includes penalty; scoped correction edit guard.,"""other_deduction_amount"","
app_backend/services/service_02_hr_payroll/logic/payroll_module.py,59,PAYROLL_DETAIL_AMOUNT_COLUMNS,Updated,Shared component insert/default/update handling includes penalty; scoped correction edit guard.,"""penalty_deduction"","
app_backend/services/service_02_hr_payroll/logic/payroll_module.py,73,DEDUCTION_PAYROLL_DETAIL_AMOUNT_COLUMNS,Updated,Shared component insert/default/update handling includes penalty; scoped correction edit guard.,"""penalty_deduction"","
app_backend/services/service_02_hr_payroll/logic/payroll_module.py,98,PAYROLL_DETAIL_INSERT_COLUMNS,Updated,Shared component insert/default/update handling includes penalty; scoped correction edit guard.,"""other_deduction_amount"","
app_backend/services/service_02_hr_payroll/logic/payroll_module.py,99,PAYROLL_DETAIL_INSERT_COLUMNS,Updated,Shared component insert/default/update handling includes penalty; scoped correction edit guard.,"""penalty_deduction"","
app_backend/services/service_02_hr_payroll/logic/payroll_module.py,505,cancel_details,Not impacted,Shared calculation/SELECT-star/aggregate/status/identity reference or adjustment-only mapping; already consumes shared components or does not project component values.,update payroll_employee_detail
app_backend/services/service_02_hr_payroll/logic/payroll_module.py,601,get_details,Not impacted,Shared calculation/SELECT-star/aggregate/status/identity reference or adjustment-only mapping; already consumes shared components or does not project component values.,from payroll_employee_detail ped
app_backend/services/service_02_hr_payroll/logic/payroll_module.py,606,get_details,Not impacted,Shared calculation/SELECT-star/aggregate/status/identity reference or adjustment-only mapping; already consumes shared components or does not project component values.,order by ped.payroll_employee_detail_id_pk
app_backend/services/service_02_hr_payroll/logic/payroll_module.py,639,get_detail,Not impacted,Shared calculation/SELECT-star/aggregate/status/identity reference or adjustment-only mapping; already consumes shared components or does not project component values.,from payroll_employee_detail ped
app_backend/services/service_02_hr_payroll/logic/payroll_module.py,689,update_detail,Updated,Shared component insert/default/update handling includes penalty; scoped correction edit guard.,update payroll_employee_detail
app_backend/services/service_02_hr_payroll/logic/payroll_module.py,699,update_detail,Updated,Shared component insert/default/update handling includes penalty; scoped correction edit guard.,where pr.payroll_run_id_pk = payroll_employee_detail.payroll_run_id_fk
app_backend/services/service_02_hr_payroll/logic/payroll_module.py,713,update_employee_payroll_detail,Updated,Shared component insert/default/update handling includes penalty; scoped correction edit guard.,"and ""penalty_deduction"" in update_values"
app_backend/services/service_02_hr_payroll/logic/payroll_module.py,716,update_employee_payroll_detail,Updated,Shared component insert/default/update handling includes penalty; scoped correction edit guard.,"""Invalid direct edit: penalty_deduction cannot be edited directly on a CORRECTION run """
app_backend/services/service_02_hr_payroll/logic/payroll_module.py,1054,_calculate_detail_total_deduction,Not impacted,Shared calculation/SELECT-star/aggregate/status/identity reference or adjustment-only mapping; already consumes shared components or does not project component values.,"def _calculate_detail_total_deduction(self, detail_payload: dict) -> Decimal:"
app_backend/services/service_02_hr_payroll/logic/payroll_module.py,1066,_calculate_detail_net_salary,Not impacted,Shared calculation/SELECT-star/aggregate/status/identity reference or adjustment-only mapping; already consumes shared components or does not project component values.,"def _calculate_detail_net_salary(self, detail_payload: dict) -> Decimal:"
app_backend/services/service_02_hr_payroll/logic/payroll_module.py,1075,_calculate_detail_net_salary,Not impacted,Shared calculation/SELECT-star/aggregate/status/identity reference or adjustment-only mapping; already consumes shared components or does not project component values.,- self._calculate_detail_total_deduction(detail_payload)
app_backend/services/service_02_hr_payroll/logic/payroll_module.py,1325,check_detail,Not impacted,Shared calculation/SELECT-star/aggregate/status/identity reference or adjustment-only mapping; already consumes shared components or does not project component values.,select payroll_employee_detail_id_pk
app_backend/services/service_02_hr_payroll/logic/payroll_module.py,1326,check_detail,Not impacted,Shared calculation/SELECT-star/aggregate/status/identity reference or adjustment-only mapping; already consumes shared components or does not project component values.,from payroll_employee_detail
app_backend/services/service_02_hr_payroll/logic/payroll_module.py,1336,_create_payroll_employee_detail,Updated,Shared component insert/default/update handling includes penalty; scoped correction edit guard.,"def _create_payroll_employee_detail(self, conn, detail_payload: dict):"
app_backend/services/service_02_hr_payroll/logic/payroll_module.py,1340,detail_payload,Updated,Shared component insert/default/update handling includes penalty; scoped correction edit guard.,"""penalty_deduction"": _decimal(detail_payload.get(""penalty_deduction"")),"
app_backend/services/service_02_hr_payroll/logic/payroll_module.py,1345,insert_detail,Updated,Shared component insert/default/update handling includes penalty; scoped correction edit guard.,insert into payroll_employee_detail ({insert_columns})
app_backend/services/service_02_hr_payroll/logic/payroll_module.py,1348,insert_detail,Updated,Shared component insert/default/update handling includes penalty; scoped correction edit guard.,"payroll_employee_detail_id_pk,"
app_backend/services/service_02_hr_payroll/logic/payroll_module.py,1350,insert_detail,Updated,Shared component insert/default/update handling includes penalty; scoped correction edit guard.,"total_deduction,"
app_backend/services/service_02_hr_payroll/logic/payroll_module.py,1353,insert_detail,Updated,Shared component insert/default/update handling includes penalty; scoped correction edit guard.,net_salary
app_backend/services/service_02_hr_payroll/logic/payroll_module.py,1391,update_details,Not impacted,Shared calculation/SELECT-star/aggregate/status/identity reference or adjustment-only mapping; already consumes shared components or does not project component values.,update payroll_employee_detail
app_backend/services/service_02_hr_payroll/logic/payroll_module.py,1424,update_totals,Not impacted,Shared calculation/SELECT-star/aggregate/status/identity reference or adjustment-only mapping; already consumes shared components or does not project component values.,"total_deductions = totals.total_deductions,"
app_backend/services/service_02_hr_payroll/logic/payroll_module.py,1427,update_totals,Not impacted,Shared calculation/SELECT-star/aggregate/status/identity reference or adjustment-only mapping; already consumes shared components or does not project component values.,"total_net_salary = totals.total_payable_amount,"
app_backend/services/service_02_hr_payroll/logic/payroll_module.py,1434,update_totals,Not impacted,Shared calculation/SELECT-star/aggregate/status/identity reference or adjustment-only mapping; already consumes shared components or does not project component values.,"coalesce(sum(total_deduction), 0)::numeric(18,2) as total_deductions,"
app_backend/services/service_02_hr_payroll/logic/payroll_module.py,1437,update_totals,Not impacted,Shared calculation/SELECT-star/aggregate/status/identity reference or adjustment-only mapping; already consumes shared components or does not project component values.,"coalesce(sum(net_salary), 0)::numeric(18,2) as total_payable_amount"
app_backend/services/service_02_hr_payroll/logic/payroll_module.py,1438,update_totals,Not impacted,Shared calculation/SELECT-star/aggregate/status/identity reference or adjustment-only mapping; already consumes shared components or does not project component values.,from payroll_employee_detail
app_backend/services/service_02_hr_payroll/logic/payroll_module.py,1446,update_totals,Not impacted,Shared calculation/SELECT-star/aggregate/status/identity reference or adjustment-only mapping; already consumes shared components or does not project component values.,"payroll_run.total_deductions,"
app_backend/services/service_02_hr_payroll/logic/payroll_module.py,1449,update_totals,Not impacted,Shared calculation/SELECT-star/aggregate/status/identity reference or adjustment-only mapping; already consumes shared components or does not project component values.,"payroll_run.total_net_salary,"
app_backend/services/service_02_hr_payroll/logic/payroll_module.py,1477,detail_payload,Updated,Shared component insert/default/update handling includes penalty; scoped correction edit guard.,"""penalty_deduction"": Decimal(""0""),"
app_backend/services/service_02_hr_payroll/logic/payroll_module.py,1530,detail_result,Not impacted,Shared calculation/SELECT-star/aggregate/status/identity reference or adjustment-only mapping; already consumes shared components or does not project component values.,"detail_result = self._create_payroll_employee_detail(conn, detail_payload)"
app_backend/services/service_02_hr_payroll/logic/payroll_module.py,1689,payable_amount,Not impacted,Shared calculation/SELECT-star/aggregate/status/identity reference or adjustment-only mapping; already consumes shared components or does not project component values.,"result.get(""total_payable_amount"", result.get(""total_net_salary""))"
app_backend/services/service_02_hr_payroll/logic/payroll_module.py,1696,result['display_total_net_salary'],Not impacted,Shared calculation/SELECT-star/aggregate/status/identity reference or adjustment-only mapping; already consumes shared components or does not project component values.,"result[""display_total_net_salary""] = payable_amount"
app_backend/services/service_02_hr_payroll/logic/payroll_module.py,1698,result['display_total_net_salary'],Not impacted,Shared calculation/SELECT-star/aggregate/status/identity reference or adjustment-only mapping; already consumes shared components or does not project component values.,"result[""display_total_net_salary""] = correction_net_amount"
app_backend/services/service_02_hr_payroll/logic/payroll_module.py,1699,result['total_net_salary'],Not impacted,Shared calculation/SELECT-star/aggregate/status/identity reference or adjustment-only mapping; already consumes shared components or does not project component values.,"result[""total_net_salary""] = correction_net_amount"
app_backend/services/service_02_hr_payroll/logic/payroll_module.py,1710,_decorate_payroll_run_dataframe,Not impacted,Shared calculation/SELECT-star/aggregate/status/identity reference or adjustment-only mapping; already consumes shared components or does not project component values.,"if ""total_payable_amount"" not in df_result.columns and ""total_net_salary"" in df_result.columns:"
app_backend/services/service_02_hr_payroll/logic/payroll_module.py,1711,df_result['total_payable_amount'],Not impacted,Shared calculation/SELECT-star/aggregate/status/identity reference or adjustment-only mapping; already consumes shared components or does not project component values.,"df_result[""total_payable_amount""] = df_result[""total_net_salary""]"
app_backend/services/service_02_hr_payroll/logic/payroll_module.py,1712,_decorate_payroll_run_dataframe,Not impacted,Shared calculation/SELECT-star/aggregate/status/identity reference or adjustment-only mapping; already consumes shared components or does not project component values.,"if ""total_net_salary"" in df_result.columns:"
app_backend/services/service_02_hr_payroll/logic/payroll_module.py,1713,df_result['display_total_net_salary'],Not impacted,Shared calculation/SELECT-star/aggregate/status/identity reference or adjustment-only mapping; already consumes shared components or does not project component values.,"df_result[""display_total_net_salary""] = df_result[""total_net_salary""]"
app_backend/services/service_02_hr_payroll/logic/payroll_module.py,1725,_decorate_payroll_run_dataframe,Not impacted,Shared calculation/SELECT-star/aggregate/status/identity reference or adjustment-only mapping; already consumes shared components or does not project component values.,"and ""total_net_salary"" in df_result.columns"
app_backend/services/service_02_hr_payroll/logic/payroll_module.py,1728,"df_result.loc[correction_rows, 'display_total_net_salary']",Not impacted,Shared calculation/SELECT-star/aggregate/status/identity reference or adjustment-only mapping; already consumes shared components or does not project component values.,"df_result.loc[correction_rows, ""display_total_net_salary""] = ("
app_backend/services/service_02_hr_payroll/logic/payroll_module.py,1731,"df_result.loc[correction_rows, 'total_net_salary']",Not impacted,Shared calculation/SELECT-star/aggregate/status/identity reference or adjustment-only mapping; already consumes shared components or does not project component values.,"df_result.loc[correction_rows, ""total_net_salary""] = ("
app_backend/services/service_02_hr_payroll/logic/payroll_module.py,1738,payable_amount,Not impacted,Shared calculation/SELECT-star/aggregate/status/identity reference or adjustment-only mapping; already consumes shared components or does not project component values.,"payable_amount = _decimal(result.get(""payable_amount"", result.get(""net_salary"")))"
app_backend/services/service_02_hr_payroll/logic/payroll_module.py,1744,result['display_net_salary'],Not impacted,Shared calculation/SELECT-star/aggregate/status/identity reference or adjustment-only mapping; already consumes shared components or does not project component values.,"result[""display_net_salary""] = payable_amount"
app_backend/services/service_02_hr_payroll/logic/payroll_module.py,1750,result['correction_deduction_amount'],Not impacted,Shared calculation/SELECT-star/aggregate/status/identity reference or adjustment-only mapping; already consumes shared components or does not project component values.,"result.get(""total_deduction"")"
app_backend/services/service_02_hr_payroll/logic/payroll_module.py,1752,result['display_net_salary'],Not impacted,Shared calculation/SELECT-star/aggregate/status/identity reference or adjustment-only mapping; already consumes shared components or does not project component values.,"result[""display_net_salary""] = correction_net_amount"
app_backend/services/service_02_hr_payroll/logic/payroll_module.py,1760,_decorate_payroll_detail_dataframe,Not impacted,Shared calculation/SELECT-star/aggregate/status/identity reference or adjustment-only mapping; already consumes shared components or does not project component values.,"if ""payable_amount"" not in df_result.columns and ""net_salary"" in df_result.columns:"
app_backend/services/service_02_hr_payroll/logic/payroll_module.py,1761,df_result['payable_amount'],Not impacted,Shared calculation/SELECT-star/aggregate/status/identity reference or adjustment-only mapping; already consumes shared components or does not project component values.,"df_result[""payable_amount""] = df_result[""net_salary""]"
app_backend/services/service_02_hr_payroll/logic/payroll_module.py,1762,_decorate_payroll_detail_dataframe,Not impacted,Shared calculation/SELECT-star/aggregate/status/identity reference or adjustment-only mapping; already consumes shared components or does not project component values.,"if ""net_salary"" in df_result.columns:"
app_backend/services/service_02_hr_payroll/logic/payroll_module.py,1763,df_result['display_net_salary'],Not impacted,Shared calculation/SELECT-star/aggregate/status/identity reference or adjustment-only mapping; already consumes shared components or does not project component values.,"df_result[""display_net_salary""] = df_result[""net_salary""]"
app_backend/services/service_02_hr_payroll/logic/payroll_module.py,1774,_decorate_payroll_detail_dataframe,Not impacted,Shared calculation/SELECT-star/aggregate/status/identity reference or adjustment-only mapping; already consumes shared components or does not project component values.,"if ""total_deduction"" in df_result.columns:"
app_backend/services/service_02_hr_payroll/logic/payroll_module.py,1776,"df_result.loc[correction_rows, 'correction_deduction_amount']",Not impacted,Shared calculation/SELECT-star/aggregate/status/identity reference or adjustment-only mapping; already consumes shared components or does not project component values.,"df_result.loc[correction_rows, ""total_deduction""]"
app_backend/services/service_02_hr_payroll/logic/payroll_module.py,1779,"df_result.loc[correction_rows, 'display_net_salary']",Not impacted,Shared calculation/SELECT-star/aggregate/status/identity reference or adjustment-only mapping; already consumes shared components or does not project component values.,"df_result.loc[correction_rows, ""display_net_salary""] = ("
app_backend/services/service_02_hr_payroll/logic/payroll_module.py,1848,source_detail_id,Not impacted,Shared calculation/SELECT-star/aggregate/status/identity reference or adjustment-only mapping; already consumes shared components or does not project component values.,"""source_payroll_employee_detail_ids_by_employee"","
app_backend/services/service_02_hr_payroll/logic/payroll_module.py,1854,source_detail_id,Not impacted,Shared calculation/SELECT-star/aggregate/status/identity reference or adjustment-only mapping; already consumes shared components or does not project component values.,"""source_payroll_employee_detail_id"","
app_backend/services/service_02_hr_payroll/logic/payroll_module.py,1855,source_detail_id,Not impacted,Shared calculation/SELECT-star/aggregate/status/identity reference or adjustment-only mapping; already consumes shared components or does not project component values.,"""source_payroll_employee_detail_id_fk"","
app_backend/services/service_02_hr_payroll/logic/payroll_module.py,1862,_correction_source_selector,Not impacted,Shared calculation/SELECT-star/aggregate/status/identity reference or adjustment-only mapping; already consumes shared components or does not project component values.,"""source_payroll_employee_detail_id"": source_detail_id,"
app_backend/services/service_02_hr_payroll/logic/payroll_module.py,1925,params,Not impacted,Shared calculation/SELECT-star/aggregate/status/identity reference or adjustment-only mapping; already consumes shared components or does not project component values.,"""source_payroll_employee_detail_id"": selector.get("
app_backend/services/service_02_hr_payroll/logic/payroll_module.py,1926,params,Not impacted,Shared calculation/SELECT-star/aggregate/status/identity reference or adjustment-only mapping; already consumes shared components or does not project component values.,"""source_payroll_employee_detail_id"""
app_backend/services/service_02_hr_payroll/logic/payroll_module.py,1940,source_filter,Not impacted,Shared calculation/SELECT-star/aggregate/status/identity reference or adjustment-only mapping; already consumes shared components or does not project component values.,"source_filter = ""and ped.payroll_employee_detail_id_pk = :source_payroll_employee_detail_id"""
app_backend/services/service_02_hr_payroll/logic/payroll_module.py,1953,get_source_detail,Not impacted,Shared calculation/SELECT-star/aggregate/status/identity reference or adjustment-only mapping; already consumes shared components or does not project component values.,"ped.payroll_employee_detail_id_pk as source_payroll_employee_detail_id_fk,"
app_backend/services/service_02_hr_payroll/logic/payroll_module.py,1955,get_source_detail,Not impacted,Shared calculation/SELECT-star/aggregate/status/identity reference or adjustment-only mapping; already consumes shared components or does not project component values.,"ped.net_salary as source_net_salary,"
app_backend/services/service_02_hr_payroll/logic/payroll_module.py,1961,get_source_detail,Not impacted,Shared calculation/SELECT-star/aggregate/status/identity reference or adjustment-only mapping; already consumes shared components or does not project component values.,from payroll_employee_detail ped
app_backend/services/service_02_hr_payroll/logic/payroll_module.py,1971,get_source_detail,Not impacted,Shared calculation/SELECT-star/aggregate/status/identity reference or adjustment-only mapping; already consumes shared components or does not project component values.,"order by pr.payroll_run_id_pk, ped.payroll_employee_detail_id_pk"
app_backend/services/service_02_hr_payroll/logic/payroll_module.py,1992,_resolve_correction_source_detail,Not impacted,Shared calculation/SELECT-star/aggregate/status/identity reference or adjustment-only mapping; already consumes shared components or does not project component values.,"""source_payroll_employee_detail_id is required."""
app_backend/services/service_02_hr_payroll/logic/payroll_module.py,1996,_get_source_recovered_amount,Not impacted,Shared calculation/SELECT-star/aggregate/status/identity reference or adjustment-only mapping; already consumes shared components or does not project component values.,"def _get_source_recovered_amount(self, conn, source_payroll_employee_detail_id: int):"
app_backend/services/service_02_hr_payroll/logic/payroll_module.py,2000,get_recovered,Not impacted,Shared calculation/SELECT-star/aggregate/status/identity reference or adjustment-only mapping; already consumes shared components or does not project component values.,where source_payroll_employee_detail_id_fk = :source_payroll_employee_detail_id
app_backend/services/service_02_hr_payroll/logic/payroll_module.py,2006,row,Not impacted,Shared calculation/SELECT-star/aggregate/status/identity reference or adjustment-only mapping; already consumes shared components or does not project component values.,"""source_payroll_employee_detail_id"": source_payroll_employee_detail_id,"
app_backend/services/service_02_hr_payroll/logic/payroll_module.py,2014,recovered_amount,Not impacted,Shared calculation/SELECT-star/aggregate/status/identity reference or adjustment-only mapping; already consumes shared components or does not project component values.,"source_detail.get(""source_payroll_employee_detail_id_fk""),"
app_backend/services/service_02_hr_payroll/logic/payroll_module.py,2017,_available_source_recovery_balance,Not impacted,Shared calculation/SELECT-star/aggregate/status/identity reference or adjustment-only mapping; already consumes shared components or does not project component values.,"_decimal(source_detail.get(""source_net_salary"")) - recovered_amount,"
app_backend/services/service_02_hr_payroll/logic/payroll_module.py,2031,recovery_note,Not impacted,Shared calculation/SELECT-star/aggregate/status/identity reference or adjustment-only mapping; already consumes shared components or does not project component values.,"f""{source_detail.get('source_payroll_employee_detail_id_fk')}."""
app_backend/services/service_02_hr_payroll/logic/payroll_module.py,2091,total_deduction,Not impacted,Shared calculation/SELECT-star/aggregate/status/identity reference or adjustment-only mapping; already consumes shared components or does not project component values.,total_deduction = self._calculate_detail_total_deduction(detail_payload)
app_backend/services/service_02_hr_payroll/logic/payroll_module.py,2094,correction_net_amount,Not impacted,Shared calculation/SELECT-star/aggregate/status/identity reference or adjustment-only mapping; already consumes shared components or does not project component values.,correction_net_amount = gross_salary - total_deduction
app_backend/services/service_02_hr_payroll/logic/payroll_module.py,2105,recovery_amount,Not impacted,Shared calculation/SELECT-star/aggregate/status/identity reference or adjustment-only mapping; already consumes shared components or does not project component values.,recovery_amount = total_deduction - gross_salary
app_backend/services/service_02_hr_payroll/logic/payroll_module.py,2168,insert_recovery,Not impacted,Shared calculation/SELECT-star/aggregate/status/identity reference or adjustment-only mapping; already consumes shared components or does not project component values.,"correction_payroll_employee_detail_id_fk,"
app_backend/services/service_02_hr_payroll/logic/payroll_module.py,2170,insert_recovery,Not impacted,Shared calculation/SELECT-star/aggregate/status/identity reference or adjustment-only mapping; already consumes shared components or does not project component values.,"source_payroll_employee_detail_id_fk,"
app_backend/services/service_02_hr_payroll/logic/payroll_module.py,2182,insert_recovery,Not impacted,Shared calculation/SELECT-star/aggregate/status/identity reference or adjustment-only mapping; already consumes shared components or does not project component values.,":correction_payroll_employee_detail_id_fk,"
app_backend/services/service_02_hr_payroll/logic/payroll_module.py,2184,insert_recovery,Not impacted,Shared calculation/SELECT-star/aggregate/status/identity reference or adjustment-only mapping; already consumes shared components or does not project component values.,":source_payroll_employee_detail_id_fk,"
app_backend/services/service_02_hr_payroll/logic/payroll_module.py,2201,_insert_correction_recovery_entries,Not impacted,Shared calculation/SELECT-star/aggregate/status/identity reference or adjustment-only mapping; already consumes shared components or does not project component values.,"""correction_payroll_employee_detail_id_fk"": payroll_detail_id,"
app_backend/services/service_02_hr_payroll/logic/payroll_module.py,2205,_insert_correction_recovery_entries,Not impacted,Shared calculation/SELECT-star/aggregate/status/identity reference or adjustment-only mapping; already consumes shared components or does not project component values.,"""source_payroll_employee_detail_id_fk"": source_detail.get("
app_backend/services/service_02_hr_payroll/logic/payroll_module.py,2206,_insert_correction_recovery_entries,Not impacted,Shared calculation/SELECT-star/aggregate/status/identity reference or adjustment-only mapping; already consumes shared components or does not project component values.,"""source_payroll_employee_detail_id_fk"""
app_backend/services/service_02_hr_payroll/logic/payroll_module.py,2304,detail_result,Not impacted,Shared calculation/SELECT-star/aggregate/status/identity reference or adjustment-only mapping; already consumes shared components or does not project component values.,"detail_result = self._create_payroll_employee_detail(conn, detail_payload)"
app_backend/services/service_02_hr_payroll/logic/payroll_module.py,2308,correction_recovery_entry_count,Not impacted,Shared calculation/SELECT-star/aggregate/status/identity reference or adjustment-only mapping; already consumes shared components or does not project component values.,"detail_result.get(""payroll_employee_detail_id_pk""),"
app_backend/services/service_02_hr_payroll/logic/payroll_module.py,2331,result,Not impacted,Shared calculation/SELECT-star/aggregate/status/identity reference or adjustment-only mapping; already consumes shared components or does not project component values.,"""source_payroll_employee_detail_id_fk"": ("
app_backend/services/service_02_hr_payroll/logic/payroll_module.py,2333,result,Not impacted,Shared calculation/SELECT-star/aggregate/status/identity reference or adjustment-only mapping; already consumes shared components or does not project component values.,").get(""source_payroll_employee_detail_id_fk""),"
app_backend/services/service_02_hr_payroll/data/20260907_add_payroll_correction_recovery.sql,6,,Not impacted,Historical migration; affected expressions superseded by new dated migration. Do not reapply this old migration after the new one.,-- already has payroll_run/payroll_adjustment/payroll_employee_detail.
app_backend/services/service_02_hr_payroll/data/20260907_add_payroll_correction_recovery.sql,31,,Not impacted,Historical migration; affected expressions superseded by new dated migration. Do not reapply this old migration after the new one.,ALTER TABLE public.payroll_employee_detail
app_backend/services/service_02_hr_payroll/data/20260907_add_payroll_correction_recovery.sql,34,,Not impacted,Historical migration; affected expressions superseded by new dated migration. Do not reapply this old migration after the new one.,ALTER TABLE public.payroll_employee_detail
app_backend/services/service_02_hr_payroll/data/20260907_add_payroll_correction_recovery.sql,37,,Not impacted,Historical migration; affected expressions superseded by new dated migration. Do not reapply this old migration after the new one.,UPDATE public.payroll_employee_detail ped
app_backend/services/service_02_hr_payroll/data/20260907_add_payroll_correction_recovery.sql,39,,Not impacted,Historical migration; affected expressions superseded by new dated migration. Do not reapply this old migration after the new one.,"correction_net_amount = ped.gross_salary - ped.total_deduction,"
app_backend/services/service_02_hr_payroll/data/20260907_add_payroll_correction_recovery.sql,40,,Not impacted,Historical migration; affected expressions superseded by new dated migration. Do not reapply this old migration after the new one.,"correction_recovery_amount = GREATEST(ped.total_deduction - ped.gross_salary, 0)"
app_backend/services/service_02_hr_payroll/data/20260907_add_payroll_correction_recovery.sql,51,,Not impacted,Historical migration; affected expressions superseded by new dated migration. Do not reapply this old migration after the new one.,AND conrelid = 'public.payroll_employee_detail'::regclass
app_backend/services/service_02_hr_payroll/data/20260907_add_payroll_correction_recovery.sql,53,,Not impacted,Historical migration; affected expressions superseded by new dated migration. Do not reapply this old migration after the new one.,ALTER TABLE public.payroll_employee_detail
app_backend/services/service_02_hr_payroll/data/20260907_add_payroll_correction_recovery.sql,62,,Not impacted,Historical migration; affected expressions superseded by new dated migration. Do not reapply this old migration after the new one.,AND conrelid = 'public.payroll_employee_detail'::regclass
app_backend/services/service_02_hr_payroll/data/20260907_add_payroll_correction_recovery.sql,64,,Not impacted,Historical migration; affected expressions superseded by new dated migration. Do not reapply this old migration after the new one.,ALTER TABLE public.payroll_employee_detail
app_backend/services/service_02_hr_payroll/data/20260907_add_payroll_correction_recovery.sql,76,,Not impacted,Historical migration; affected expressions superseded by new dated migration. Do not reapply this old migration after the new one.,AND conrelid = 'public.payroll_employee_detail'::regclass
app_backend/services/service_02_hr_payroll/data/20260907_add_payroll_correction_recovery.sql,78,,Not impacted,Historical migration; affected expressions superseded by new dated migration. Do not reapply this old migration after the new one.,ALTER TABLE public.payroll_employee_detail
app_backend/services/service_02_hr_payroll/data/20260907_add_payroll_correction_recovery.sql,91,,Not impacted,Historical migration; affected expressions superseded by new dated migration. Do not reapply this old migration after the new one.,+ other_deduction_amount
app_backend/services/service_02_hr_payroll/data/20260907_add_payroll_correction_recovery.sql,97,,Not impacted,Historical migration; affected expressions superseded by new dated migration. Do not reapply this old migration after the new one.,ALTER TABLE public.payroll_employee_detail
app_backend/services/service_02_hr_payroll/data/20260907_add_payroll_correction_recovery.sql,98,,Not impacted,Historical migration; affected expressions superseded by new dated migration. Do not reapply this old migration after the new one.,DROP CONSTRAINT IF EXISTS chk_payroll_detail_net_salary;
app_backend/services/service_02_hr_payroll/data/20260907_add_payroll_correction_recovery.sql,100,,Not impacted,Historical migration; affected expressions superseded by new dated migration. Do not reapply this old migration after the new one.,ALTER TABLE public.payroll_employee_detail
app_backend/services/service_02_hr_payroll/data/20260907_add_payroll_correction_recovery.sql,101,,Not impacted,Historical migration; affected expressions superseded by new dated migration. Do not reapply this old migration after the new one.,DROP COLUMN IF EXISTS net_salary;
app_backend/services/service_02_hr_payroll/data/20260907_add_payroll_correction_recovery.sql,103,,Not impacted,Historical migration; affected expressions superseded by new dated migration. Do not reapply this old migration after the new one.,ALTER TABLE public.payroll_employee_detail
app_backend/services/service_02_hr_payroll/data/20260907_add_payroll_correction_recovery.sql,104,,Not impacted,Historical migration; affected expressions superseded by new dated migration. Do not reapply this old migration after the new one.,"ADD COLUMN net_salary NUMERIC(18,2)"
app_backend/services/service_02_hr_payroll/data/20260907_add_payroll_correction_recovery.sql,131,,Not impacted,Historical migration; affected expressions superseded by new dated migration. Do not reapply this old migration after the new one.,+ other_deduction_amount
app_backend/services/service_02_hr_payroll/data/20260907_add_payroll_correction_recovery.sql,136,,Not impacted,Historical migration; affected expressions superseded by new dated migration. Do not reapply this old migration after the new one.,ALTER TABLE public.payroll_employee_detail
app_backend/services/service_02_hr_payroll/data/20260907_add_payroll_correction_recovery.sql,137,,Not impacted,Historical migration; affected expressions superseded by new dated migration. Do not reapply this old migration after the new one.,ADD CONSTRAINT chk_payroll_detail_net_salary
app_backend/services/service_02_hr_payroll/data/20260907_add_payroll_correction_recovery.sql,138,,Not impacted,Historical migration; affected expressions superseded by new dated migration. Do not reapply this old migration after the new one.,CHECK (net_salary >= 0);
app_backend/services/service_02_hr_payroll/data/20260907_add_payroll_correction_recovery.sql,146,,Not impacted,Historical migration; affected expressions superseded by new dated migration. Do not reapply this old migration after the new one.,"correction_payroll_employee_detail_id_fk BIGINT NOT NULL,"
app_backend/services/service_02_hr_payroll/data/20260907_add_payroll_correction_recovery.sql,149,,Not impacted,Historical migration; affected expressions superseded by new dated migration. Do not reapply this old migration after the new one.,"source_payroll_employee_detail_id_fk     BIGINT NOT NULL,"
app_backend/services/service_02_hr_payroll/data/20260907_add_payroll_correction_recovery.sql,176,,Not impacted,Historical migration; affected expressions superseded by new dated migration. Do not reapply this old migration after the new one.,FOREIGN KEY (correction_payroll_employee_detail_id_fk)
app_backend/services/service_02_hr_payroll/data/20260907_add_payroll_correction_recovery.sql,177,,Not impacted,Historical migration; affected expressions superseded by new dated migration. Do not reapply this old migration after the new one.,"REFERENCES public.payroll_employee_detail (payroll_employee_detail_id_pk),"
app_backend/services/service_02_hr_payroll/data/20260907_add_payroll_correction_recovery.sql,184,,Not impacted,Historical migration; affected expressions superseded by new dated migration. Do not reapply this old migration after the new one.,FOREIGN KEY (source_payroll_employee_detail_id_fk)
app_backend/services/service_02_hr_payroll/data/20260907_add_payroll_correction_recovery.sql,185,,Not impacted,Historical migration; affected expressions superseded by new dated migration. Do not reapply this old migration after the new one.,"REFERENCES public.payroll_employee_detail (payroll_employee_detail_id_pk),"
app_backend/services/service_02_hr_payroll/data/20260907_add_payroll_correction_recovery.sql,203,,Not impacted,Historical migration; affected expressions superseded by new dated migration. Do not reapply this old migration after the new one.,"source_payroll_employee_detail_id_fk,"
app_backend/services/service_02_hr_payroll/data/20260907_add_payroll_correction_recovery.sql,222,,Not impacted,Historical migration; affected expressions superseded by new dated migration. Do not reapply this old migration after the new one.,"total_deductions = totals.total_deductions,"
app_backend/services/service_02_hr_payroll/data/20260907_add_payroll_correction_recovery.sql,225,,Not impacted,Historical migration; affected expressions superseded by new dated migration. Do not reapply this old migration after the new one.,"total_net_salary = totals.total_payable_amount,"
app_backend/services/service_02_hr_payroll/data/20260907_add_payroll_correction_recovery.sql,232,,Not impacted,Historical migration; affected expressions superseded by new dated migration. Do not reapply this old migration after the new one.,"COALESCE(SUM(total_deduction), 0)::NUMERIC(18,2) AS total_deductions,"
app_backend/services/service_02_hr_payroll/data/20260907_add_payroll_correction_recovery.sql,235,,Not impacted,Historical migration; affected expressions superseded by new dated migration. Do not reapply this old migration after the new one.,"COALESCE(SUM(net_salary), 0)::NUMERIC(18,2) AS total_payable_amount"
app_backend/services/service_02_hr_payroll/data/20260907_add_payroll_correction_recovery.sql,236,,Not impacted,Historical migration; affected expressions superseded by new dated migration. Do not reapply this old migration after the new one.,FROM public.payroll_employee_detail
app_backend/services/service_02_hr_payroll/PAYROLL_PENALTY_DEDUCTION_IMPLEMENTATION.md,1,,Updated,Current Payroll compatibility/formula/implementation documentation.,# Payroll `penalty_deduction` compatibility implementation
app_backend/services/service_02_hr_payroll/PAYROLL_PENALTY_DEDUCTION_IMPLEMENTATION.md,11,,Updated,Current Payroll compatibility/formula/implementation documentation.,| Column | `public.payroll_employee_detail.penalty_deduction` |
app_backend/services/service_02_hr_payroll/PAYROLL_PENALTY_DEDUCTION_IMPLEMENTATION.md,17,,Updated,Current Payroll compatibility/formula/implementation documentation.,| Generated `total_deduction` | Present; did **not** include penalty deduction |
app_backend/services/service_02_hr_payroll/PAYROLL_PENALTY_DEDUCTION_IMPLEMENTATION.md,18,,Updated,Current Payroll compatibility/formula/implementation documentation.,| Generated `net_salary` | Present; its ordinary gross-minus-deductions branch did **not** include penalty deduction |
app_backend/services/service_02_hr_payroll/PAYROLL_PENALTY_DEDUCTION_IMPLEMENTATION.md,24,,Updated,Current Payroll compatibility/formula/implementation documentation.,The required migration is `data/20261001_include_penalty_deduction_in_payroll.sql`. It was **executed and verified only in disposable local PostgreSQL 18.6 databases**. It remains **unapplied to Railway**. Application deployment and Git operations were not performed.
app_backend/services/service_02_hr_payroll/PAYROLL_PENALTY_DEDUCTION_IMPLEMENTATION.md,31,,Updated,Current Payroll compatibility/formula/implementation documentation.,"2. Deploy these application changes. The application insert now names `penalty_deduction`, which must already exist."
app_backend/services/service_02_hr_payroll/PAYROLL_PENALTY_DEDUCTION_IMPLEMENTATION.md,47,,Updated,Current Payroll compatibility/formula/implementation documentation.,| `data/20261001_include_penalty_deduction_in_payroll.sql` | New: incremental expression migration; never adds penalty column |
app_backend/services/service_02_hr_payroll/PAYROLL_PENALTY_DEDUCTION_IMPLEMENTATION.md,48,,Updated,Current Payroll compatibility/formula/implementation documentation.,| `logic/test_payroll_penalty_deduction.py` | New: 25 unit/API/PostgreSQL tests |
app_backend/services/service_02_hr_payroll/PAYROLL_PENALTY_DEDUCTION_IMPLEMENTATION.md,53,,Updated,Current Payroll compatibility/formula/implementation documentation.,"| `payroll_penalty_deduction_evidence.json` | New: schema observations, executed test results and scope checks |"
app_backend/services/service_02_hr_payroll/PAYROLL_PENALTY_DEDUCTION_IMPLEMENTATION.md,61,,Updated,Current Payroll compatibility/formula/implementation documentation.,"| Monthly Payroll update | Yes | Existing detail update accepts `penalty_deduction`, with existing authenticated organization binding, editable-status rules and nonnegative monetary validation. |"
app_backend/services/service_02_hr_payroll/PAYROLL_PENALTY_DEDUCTION_IMPLEMENTATION.md,65,,Updated,Current Payroll compatibility/formula/implementation documentation.,| Payroll summaries | No new aggregate field required | Existing `SUM(total_deduction)` and `SUM(net_salary)` reconcile correctly. There are no comparable per-component run totals requiring `total_penalty_deduction`. |
app_backend/services/service_02_hr_payroll/PAYROLL_PENALTY_DEDUCTION_IMPLEMENTATION.md,78,,Updated,Current Payroll compatibility/formula/implementation documentation.,"With `P = COALESCE(penalty_deduction, 0)`, database `total_deduction` is:"
app_backend/services/service_02_hr_payroll/PAYROLL_PENALTY_DEDUCTION_IMPLEMENTATION.md,89,,Updated,Current Payroll compatibility/formula/implementation documentation.,+ other_deduction_amount
app_backend/services/service_02_hr_payroll/PAYROLL_PENALTY_DEDUCTION_IMPLEMENTATION.md,104,,Updated,Current Payroll compatibility/formula/implementation documentation.,net_salary = CASE
app_backend/services/service_02_hr_payroll/PAYROLL_PENALTY_DEDUCTION_IMPLEMENTATION.md,111,,Updated,Current Payroll compatibility/formula/implementation documentation.,Python `_calculate_detail_total_deduction()` sums the same deduction components with Decimal arithmetic; `_calculate_detail_net_salary()` continues using the existing branch above. PostgreSQL rounds stored monetary values to two decimals using its existing NUMERIC behavior.
app_backend/services/service_02_hr_payroll/PAYROLL_PENALTY_DEDUCTION_IMPLEMENTATION.md,116,,Updated,Current Payroll compatibility/formula/implementation documentation.,total_deductions = SUM(detail.total_deduction)
app_backend/services/service_02_hr_payroll/PAYROLL_PENALTY_DEDUCTION_IMPLEMENTATION.md,117,,Updated,Current Payroll compatibility/formula/implementation documentation.,total_net_salary (stored) = SUM(detail.net_salary)
app_backend/services/service_02_hr_payroll/PAYROLL_PENALTY_DEDUCTION_IMPLEMENTATION.md,120,,Updated,Current Payroll compatibility/formula/implementation documentation.,"The new component occurs **once** in D. There is no second subtraction from net salary, no extra penalty addition to aggregate totals, and no mapping to OTHER_DEDUCTION. The backend does not infer whether a caller has duplicated a financial amount in `other_deduction_amount`; those are independent supplied components."
app_backend/services/service_02_hr_payroll/PAYROLL_PENALTY_DEDUCTION_IMPLEMENTATION.md,130,,Updated,Current Payroll compatibility/formula/implementation documentation.,| `/api/v1/payroll/monthly/details/update` | Optional `penalty_deduction: Decimal` input; existing identifier aliases supported; correction restriction below |
app_backend/services/service_02_hr_payroll/PAYROLL_PENALTY_DEDUCTION_IMPLEMENTATION.md,142,,Updated,Current Payroll compatibility/formula/implementation documentation.,"""penalty_deduction"": ""250.00"""
app_backend/services/service_02_hr_payroll/PAYROLL_PENALTY_DEDUCTION_IMPLEMENTATION.md,154,,Updated,Current Payroll compatibility/formula/implementation documentation.,"""penalty_deduction"": 250.00,"
app_backend/services/service_02_hr_payroll/PAYROLL_PENALTY_DEDUCTION_IMPLEMENTATION.md,156,,Updated,Current Payroll compatibility/formula/implementation documentation.,"""total_deduction"": 250.00,"
app_backend/services/service_02_hr_payroll/PAYROLL_PENALTY_DEDUCTION_IMPLEMENTATION.md,157,,Updated,Current Payroll compatibility/formula/implementation documentation.,"""net_salary"": 9750.00"
app_backend/services/service_02_hr_payroll/PAYROLL_PENALTY_DEDUCTION_IMPLEMENTATION.md,164,,Updated,Current Payroll compatibility/formula/implementation documentation.,"No frontend changes were made. Replit owns future value acquisition/population. Downstream register/export code can use the returned `penalty_deduction` with a “Penalty Deduction” column label; null means zero only when doing arithmetic, not a missing component to derive from another module."
app_backend/services/service_02_hr_payroll/PAYROLL_PENALTY_DEDUCTION_IMPLEMENTATION.md,173,,Updated,Current Payroll compatibility/formula/implementation documentation.,"""error"": ""Invalid direct edit: penalty_deduction cannot be edited directly on a CORRECTION run because the current correction mechanism does not recalculate the correction ledger/adjustment amounts."""
app_backend/services/service_02_hr_payroll/PAYROLL_PENALTY_DEDUCTION_IMPLEMENTATION.md,185,,Updated,Current Payroll compatibility/formula/implementation documentation.,Evidence: [payroll_penalty_deduction_evidence.json](payroll_penalty_deduction_evidence.json).
app_backend/services/service_02_hr_payroll/PAYROLL_PENALTY_DEDUCTION_IMPLEMENTATION.md,221,,Updated,Current Payroll compatibility/formula/implementation documentation.,app_backend.services.service_02_hr_payroll.logic.test_payroll_penalty_deduction \
app_backend/services/service_02_hr_payroll/PAYROLL_PENALTY_DEDUCTION_IMPLEMENTATION.md,229,,Updated,Current Payroll compatibility/formula/implementation documentation.,"[PAYROLL_PENALTY_DEDUCTION_AUDIT.csv](PAYROLL_PENALTY_DEDUCTION_AUDIT.csv) records each matched line in the audited source/test/document set, classified **Updated** or **Not impacted** with the containing function and reason. Searches covered `payroll_employee_detail`, `total_deduction`, `net_salary`, `other_deduction_amount` and the new component; the service was also checked for register/export/copy/clone/report implementations. Generated evidence/audit artifacts are excluded from their own inventory."
app_backend/services/service_07_alerts_wf_engine/payroll_wf.py,308,update_details,Not impacted,Status-only UPDATE preserves amounts; approval execution tested unchanged.,update payroll_employee_detail
app_backend/services/service_02_hr_payroll/data/20261001_include_penalty_deduction_in_payroll.sql,2,,Updated,New expression-only migration/preflight; no column recreation.,"-- Prerequisite: penalty_deduction already exists as NUMERIC(18,2)."
app_backend/services/service_02_hr_payroll/data/20261001_include_penalty_deduction_in_payroll.sql,12,,Updated,New expression-only migration/preflight; no column recreation.,LOCK TABLE public.payroll_employee_detail IN ACCESS EXCLUSIVE MODE;
app_backend/services/service_02_hr_payroll/data/20261001_include_penalty_deduction_in_payroll.sql,21,,Updated,New expression-only migration/preflight; no column recreation.,WHERE table_schema = 'public' AND table_name = 'payroll_employee_detail'
app_backend/services/service_02_hr_payroll/data/20261001_include_penalty_deduction_in_payroll.sql,22,,Updated,New expression-only migration/preflight; no column recreation.,AND column_name = 'penalty_deduction'
app_backend/services/service_02_hr_payroll/data/20261001_include_penalty_deduction_in_payroll.sql,26,,Updated,New expression-only migration/preflight; no column recreation.,"RAISE EXCEPTION 'Expected existing payroll_employee_detail.penalty_deduction NUMERIC(18,2); inspect schema before proceeding.';"
app_backend/services/service_02_hr_payroll/data/20261001_include_penalty_deduction_in_payroll.sql,28,,Updated,New expression-only migration/preflight; no column recreation.,IF EXISTS (SELECT 1 FROM public.payroll_employee_detail WHERE penalty_deduction < 0) THEN
app_backend/services/service_02_hr_payroll/data/20261001_include_penalty_deduction_in_payroll.sql,29,,Updated,New expression-only migration/preflight; no column recreation.,RAISE EXCEPTION 'Negative existing penalty_deduction requires review; no data was changed.';
app_backend/services/service_02_hr_payroll/data/20261001_include_penalty_deduction_in_payroll.sql,33,,Updated,New expression-only migration/preflight; no column recreation.,SELECT 1 FROM public.payroll_employee_detail ped
app_backend/services/service_02_hr_payroll/data/20261001_include_penalty_deduction_in_payroll.sql,35,,Updated,New expression-only migration/preflight; no column recreation.,"WHERE COALESCE(ped.penalty_deduction, 0) <> 0"
app_backend/services/service_02_hr_payroll/data/20261001_include_penalty_deduction_in_payroll.sql,40,,Updated,New expression-only migration/preflight; no column recreation.,RAISE EXCEPTION 'Existing nonzero penalty_deduction on correction or non-editable payroll requires an approved reconciliation; migration stopped without changes.';
app_backend/services/service_02_hr_payroll/data/20261001_include_penalty_deduction_in_payroll.sql,44,,Updated,New expression-only migration/preflight; no column recreation.,ALTER TABLE public.payroll_employee_detail
app_backend/services/service_02_hr_payroll/data/20261001_include_penalty_deduction_in_payroll.sql,45,,Updated,New expression-only migration/preflight; no column recreation.,ALTER COLUMN total_deduction SET EXPRESSION AS (
app_backend/services/service_02_hr_payroll/data/20261001_include_penalty_deduction_in_payroll.sql,48,,Updated,New expression-only migration/preflight; no column recreation.,+ charging_cost_deduction + other_deduction_amount
app_backend/services/service_02_hr_payroll/data/20261001_include_penalty_deduction_in_payroll.sql,49,,Updated,New expression-only migration/preflight; no column recreation.,"+ COALESCE(penalty_deduction, 0)"
app_backend/services/service_02_hr_payroll/data/20261001_include_penalty_deduction_in_payroll.sql,51,,Updated,New expression-only migration/preflight; no column recreation.,ALTER COLUMN net_salary SET EXPRESSION AS (
app_backend/services/service_02_hr_payroll/data/20261001_include_penalty_deduction_in_payroll.sql,62,,Updated,New expression-only migration/preflight; no column recreation.,+ charging_cost_deduction + other_deduction_amount
app_backend/services/service_02_hr_payroll/data/20261001_include_penalty_deduction_in_payroll.sql,63,,Updated,New expression-only migration/preflight; no column recreation.,"+ COALESCE(penalty_deduction, 0)"
app_backend/services/service_02_hr_payroll/data/20261001_include_penalty_deduction_in_payroll.sql,72,,Updated,New expression-only migration/preflight; no column recreation.,+ charging_cost_deduction + other_deduction_amount
app_backend/services/service_02_hr_payroll/data/20261001_include_penalty_deduction_in_payroll.sql,73,,Updated,New expression-only migration/preflight; no column recreation.,"+ COALESCE(penalty_deduction, 0)"
app_backend/services/service_02_hr_payroll/data/20261001_include_penalty_deduction_in_payroll.sql,78,,Updated,New expression-only migration/preflight; no column recreation.,-- Do not add the penalty again to SUM(total_deduction).
app_backend/services/service_02_hr_payroll/data/20261001_include_penalty_deduction_in_payroll.sql,80,,Updated,New expression-only migration/preflight; no column recreation.,"SET total_deductions = totals.deductions,"
app_backend/services/service_02_hr_payroll/data/20261001_include_penalty_deduction_in_payroll.sql,81,,Updated,New expression-only migration/preflight; no column recreation.,total_net_salary = totals.net_salary
app_backend/services/service_02_hr_payroll/data/20261001_include_penalty_deduction_in_payroll.sql,84,,Updated,New expression-only migration/preflight; no column recreation.,"COALESCE(SUM(total_deduction), 0)::NUMERIC(18,2) AS deductions,"
app_backend/services/service_02_hr_payroll/data/20261001_include_penalty_deduction_in_payroll.sql,85,,Updated,New expression-only migration/preflight; no column recreation.,"COALESCE(SUM(net_salary), 0)::NUMERIC(18,2) AS net_salary"
app_backend/services/service_02_hr_payroll/data/20261001_include_penalty_deduction_in_payroll.sql,86,,Updated,New expression-only migration/preflight; no column recreation.,FROM public.payroll_employee_detail
app_backend/services/service_02_hr_payroll/data/20261001_include_penalty_deduction_in_payroll.sql,88,,Updated,New expression-only migration/preflight; no column recreation.,"HAVING BOOL_OR(COALESCE(penalty_deduction, 0) <> 0)"
app_backend/services/service_02_hr_payroll/data/20261001_include_penalty_deduction_in_payroll.sql,93,,Updated,New expression-only migration/preflight; no column recreation.,AND (pr.total_deductions IS DISTINCT FROM totals.deductions
app_backend/services/service_02_hr_payroll/data/20261001_include_penalty_deduction_in_payroll.sql,94,,Updated,New expression-only migration/preflight; no column recreation.,OR pr.total_net_salary IS DISTINCT FROM totals.net_salary);
app_backend/services/service_07_alerts_wf_engine/tests/test_approval_review_postgres.py,148,setUp,Not impacted,Existing regression or manual live-test reference; nullable column may be omitted; no production formula.,"c.exec_driver_sql('TRUNCATE payroll_correction_recovery,payroll_adjustment,payroll_employee_detail,payroll_run,workflow_instances,contracts_management_workflow_requests,accounts_payables_workflow_requests,accounts_receivables_workflow_requests RESTART IDENTITY CASCADE')"
app_backend/services/service_07_alerts_wf_engine/tests/test_approval_review_postgres.py,261,rows,Not impacted,Existing regression or manual live-test reference; nullable column may be omitted; no production formula.,"rows=[dict(row) for row in c.execute(text('SELECT * FROM payroll_employee_detail WHERE payroll_run_id_fk=:id'),{'id':run_id}).mappings()]"
app_backend/services/service_07_alerts_wf_engine/tests/test_approval_review_postgres.py,263,assert_payroll_reconciles,Not impacted,Existing regression or manual live-test reference; nullable column may be omitted; no production formula.,"self.assertEqual(stored['total_net_salary'],sum(r['net_salary'] for r in rows))"
app_backend/services/service_07_alerts_wf_engine/tests/test_approval_review_postgres.py,265,assert_payroll_reconciles,Not impacted,Existing regression or manual live-test reference; nullable column may be omitted; no production formula.,"self.assertEqual(stored['total_deductions'],sum(r['total_deduction'] for r in rows))"
app_backend/services/service_07_alerts_wf_engine/tests/test_approval_review_postgres.py,277,assert_payroll_reconciles,Not impacted,Existing regression or manual live-test reference; nullable column may be omitted; no production formula.,"self.assertEqual(api['total_net_salary'],expected_display)"
app_backend/services/service_07_alerts_wf_engine/tests/test_approval_review_postgres.py,278,assert_payroll_reconciles,Not impacted,Existing regression or manual live-test reference; nullable column may be omitted; no production formula.,"self.assertEqual(api['display_total_net_salary'],expected_display)"
app_backend/services/service_07_alerts_wf_engine/tests/test_approval_review_postgres.py,282,assert_payroll_reconciles,Not impacted,Existing regression or manual live-test reference; nullable column may be omitted; no production formula.,"self.assertEqual(Decimal(str(selected['total_net_salary'])),expected_display)"
app_backend/services/service_07_alerts_wf_engine/tests/test_approval_review_postgres.py,286,assert_payroll_reconciles,Not impacted,Existing regression or manual live-test reference; nullable column may be omitted; no production formula.,"self.evidence.append({'case':stored['payroll_run_type'],'stored_total_net_salary':stored['total_net_salary'],"
app_backend/services/service_07_alerts_wf_engine/tests/test_approval_review_postgres.py,287,assert_payroll_reconciles,Not impacted,Existing regression or manual live-test reference; nullable column may be omitted; no production formula.,"'api_total_net_salary':api['total_net_salary'],'total_payable_amount':expected_payable,"
app_backend/services/service_07_alerts_wf_engine/tests/test_approval_review_postgres.py,298,columns,Not impacted,Existing regression or manual live-test reference; nullable column may be omitted; no production formula.,"columns=set(c.execute(text(""SELECT column_name FROM information_schema.columns WHERE table_name='payroll_employee_detail'"")).scalars())"
